{"version":2,"hash":{"type":"Buffer","data":"DRmN6ETSVFMX3YPoU7frT4cgXdAQPLJ6K9YEj8Y4ihenHQ+FyJAjTOZ7SN3xnaNKsCeeTxBzl6TxUu4WX9eCp2ALYHyxfVxbeBvbkC+5Byoja8vYe6Gmy8hIxjQRyEypHqbLmyzW++KWSLfRxgBfwWJIO79JOL0erK+v/UHOGYE="},"indexValueMap":{"KZUtNhN9QKGESVgblrqmVD6F7FvJ1gwoGywgUmm1SJY=":{"valueMac":{"type":"Buffer","data":"V8OkqKXmeUhKuYNF/4+Xb33ktdyoo08//rQ6wWAlPxw="}},"N3t3Rj+bRdoU0OiLOwf3azdHe2t7x7UT+hklPks/fDc=":{"valueMac":{"type":"Buffer","data":"zvjlMIsdiiDR76Uza9IV7ahr5FcIRjaGYl9ETUtUpJk="}}}}