{"version":3570,"hash":{"type":"Buffer","data":"GGF3TzuBoRb+PtSPpxAYIUhu2jNkzZrukEndPvOThWbpBQRNBvidcbjdg+34wJllRztXTUykIh0E1Czk8ebNzjVcFyAy97jsEIafWxx8tt+VYePGXCIEqRGr4WrvjJMG3uw6QXX53hatO2+9o4vvyjAtukziJ7Oa+GULTfrReKw="},"indexValueMap":{"ApHBCj9TshU6ei4TH5UtKvbSwi3yd90dyawuG3O0IR8=":{"valueMac":{"type":"Buffer","data":"IDA0AaPojDQBvFN14kU3Z+79EmHgXpssGDQ0A3QBzPo="}},"AqxjS6x5hQa9z3owAhsmZlnRzqJPUBklmvEjsXOPwNQ=":{"valueMac":{"type":"Buffer","data":"87I+/xRHviiA42qLYyr0Iv1Ggg0TTWnZUlGsmi5RFAw="}},"A4TIAbZjRBz+7mprmxE21/2NDGDm8UJwS/9929EMOOE=":{"valueMac":{"type":"Buffer","data":"Svi9VTpcYAjEGn0tIagHwIbgcJRfhmvbHZjSWdJJMp8="}},"Bv/GHeeG43oSw37xa59ytpPGbqU2P7d3t5ZBKkdGF6I=":{"valueMac":{"type":"Buffer","data":"pCFxOg71H1bgNVbA3v0cphtWWYP06oPGy0fV7IHH3fc="}},"CBtW4TWQgtswLXlccVbbrr8JYYQwuKQCLvrNMbuV8Rs=":{"valueMac":{"type":"Buffer","data":"xvsKMjeNeok85cGf34BzeH5816yn8Z/0aEK9X9zCUss="}},"CDrVwL10IsEPmjHhUqPi0v5T8uQYYCEvYoRqnPOtOqI=":{"valueMac":{"type":"Buffer","data":"nM6/sU8a6Xwqebl/9nWV4EywpwXAg6Y4ng+fFtk8mew="}},"C2oAzjSn9QifI/r7tNBXcJZCNOBVfCxlmcwy6jZFCys=":{"valueMac":{"type":"Buffer","data":"3Thh160+U3GWqfS+f5ES0+5kkoUScc+yfZXBXHssoVY="}},"DD3sR587CfJidfjcG4M4DRRiQD/uX1oGdx7oGkZPrV4=":{"valueMac":{"type":"Buffer","data":"UPamZUl9JGlJfZTo9dYsfZ6iuxPUdPAyDfoH6y+hHH0="}},"DmzEg6tFCyl6Ha9zhiF/Sl6hs24939jMaLbKXs91HFE=":{"valueMac":{"type":"Buffer","data":"xqA/oA/kZhn5HsTsJE32wOVBXeXWouQTCOdHA0dzyaQ="}},"FS4+TOLFWZXvimvxtxUJCj/cQZW0TVtjBSJTz1gxL0k=":{"valueMac":{"type":"Buffer","data":"1sZqaTTCpvaAG5m8FnRq/n7+9Pyujnrx3Qe++2Cpj6g="}},"Fz7rmIpHkJ6nC5iPCcIJiIZzWg05ByeoIoCLt5ejqA4=":{"valueMac":{"type":"Buffer","data":"5bAvYrXB1b6T/i8gvYeHDWVPLqbwCk3BdAjxyv94NZo="}},"GF6n5jg+c16Em4Hxsyd6Xx0Vqbz9L+DugMuOB+iZcGQ=":{"valueMac":{"type":"Buffer","data":"B1WPIfJkGDaVLemVqGpiT3amu0DmjJ8iLsGgpk9KYHg="}},"GMfdImbDZb9K8nAy3hOU5l7B9GACVBWk95SC8c+bRww=":{"valueMac":{"type":"Buffer","data":"M4tHxtvgSUa2BJfspvrqF3MIsE/CS0p4tEVs9K+Rru0="}},"GNbqlKkGkzk8FRlXHM2mKRlWRQHHmDT+EvgXIp6XuYM=":{"valueMac":{"type":"Buffer","data":"hrur0k9EnDcy65B6son2CFfmb7V5fIqmTrtlfiKZW5U="}},"GQq0DqoVKS9AFMC+7MJlde2qjjzXLj1+Pq+bdtIuEdY=":{"valueMac":{"type":"Buffer","data":"BYD7CX7F89Ix6AeJvWKJvBdBl6RSMl/fu4YxHugEkkU="}},"GapxxfhrXM7iiF5Nj9Jz6FwfxDbs2UXh+BBA7dd8g5k=":{"valueMac":{"type":"Buffer","data":"VpXdpRTU9b5z8TfEhlCY5NYT9Bra1hEwjnk2o9ilRGE="}},"HM/Fq5VrGksHa0Tkwy/lQpg/bpsDXVmpybjDf7TcaGE=":{"valueMac":{"type":"Buffer","data":"1YZJWlYNN0r1d7UINIYQQ2EyWDptJDG+2QPF8mpuzes="}},"HdL23+mcixLlcFOBpdT9CoeT73mw2txE66UsjDU3QhY=":{"valueMac":{"type":"Buffer","data":"JIKUvKV7jid6YODQPopVQ1L0cNdhZeo4KzlQmBhEWAo="}},"HptoqABkkevEa5WfTLpKm/kgRlQ88Z9HDxMtQLRsPn4=":{"valueMac":{"type":"Buffer","data":"+G4hG5NSATMkPlQah/zJ7yNkeQ2zIjozuyvzyFjbHoE="}},"Hs9u/8uR5bKYxyOfMP+uX4p/JQj4TJhCFmZ6ypOQPfU=":{"valueMac":{"type":"Buffer","data":"W0dmYmtkQtEh9Ax3WtEhwb1UGPsonvF+tn23pugfxkY="}},"IeaHKZDpzrODBWntxAODUoyONa3kKtH8uFEWWDtZiME=":{"valueMac":{"type":"Buffer","data":"4GPXFDFGFD53uBX6OD7zc9suA/HddHkruvgkk0UnQUg="}},"Inb7wSCdr/hCXfF47VBx2oLsMSmvcW5JeGzgWgYDWS0=":{"valueMac":{"type":"Buffer","data":"ccC5qHkpuZAwAdlp/v114efVjHp2PYYlkjsA11Fkg2o="}},"JCJXFAAsTCn7OuEeO/CiVUYZ/FysFOMM1ZHEBMWQo9o=":{"valueMac":{"type":"Buffer","data":"1MTTUU/ude6gkaI3UvujSTn0r8xH1epNKFFq5SLSI0s="}},"JeNm0gvuI4LwPrhLyv5XrwBQgnCMbgBEQTLDBdOiCtY=":{"valueMac":{"type":"Buffer","data":"TupwTisimkCSJl69dbT4f3KjnUd0g20im4MygmQn3fs="}},"KK5TqEvkyl2O6eqEhcvjE9PuriU9czE8rVC5izo6aso=":{"valueMac":{"type":"Buffer","data":"IWvimzGktQecM76ifah5HgoRYbRGSjsjNk3yAHZmr9E="}},"LAa6HclrlU6Rqw2oxI3aJ3UONKs/gycyV9uL+5K0HMI=":{"valueMac":{"type":"Buffer","data":"YsUYEdKJvLL8/sqlbLNL7HAsaoBALMoN4jZhQ/8ZENU="}},"LKt52ARjrYODQLk7V4rlvG7cPSD54c8e45y05LPxLu0=":{"valueMac":{"type":"Buffer","data":"qC7QeXHA5SAkw3Y3W4ruQgG0F4p3Lilhu7jFEAdP2og="}},"LwZy5fH+gLwpe+w8X1jai3yzGg8cEtoO4M5nTICIioI=":{"valueMac":{"type":"Buffer","data":"VwDJNKIVhzxP9ZvMiZjlaHsp4CVu+ysg5Cz3uMM76n8="}},"MtbkBmy9aJ5wah03/Z4aR8VQyCkHGBqiKKwpan80Js0=":{"valueMac":{"type":"Buffer","data":"bvgi6cycVy0pRe/QJ7h3eJ3jHU9P+dTeycz0gWuOFr8="}},"M2Q46Ma5C8Z1imovTq+8kZmE7elFEh9+zcwce5Dd4T0=":{"valueMac":{"type":"Buffer","data":"WAnNKWXTdk3pnQU8FEAaMlDNlfuuNHA5JD2YO6Qhsto="}},"M8uWQyIwwd65A+03o16t+7tCMHVh6/laBR8JGk+KuCA=":{"valueMac":{"type":"Buffer","data":"Vtm4oWCBaBkaJd7fgUJsN3t4qPD0Bn22VTePSnB9Zqk="}},"NOns8+4+NYbZqYOzA5cLMJ6+KuxdZ7yPmxTXHk28lPg=":{"valueMac":{"type":"Buffer","data":"jjMK1VxV/4Ol84oTgRvps194/mbdq5JFnsYP6A1iPmY="}},"NbEuKKsMU7zbZCVbydpw9pk2kyxmav8pRK1GQuqxdI4=":{"valueMac":{"type":"Buffer","data":"7nC1spgC5OtiyMCbGSIiHr8D73yBzSqt/oQBMi01Vfk="}},"OVv637dTi/9Yq81mFpAh0zHveM94QGhO+h30GQHw+tw=":{"valueMac":{"type":"Buffer","data":"Bp+TICLxpqubFK947M9kPpnnY4K7FAm9a9E5WEg9w90="}},"OhOSx60Bm2JXilt2UKMvDnL6qgAYeJxHg0lE88Sy7os=":{"valueMac":{"type":"Buffer","data":"m+8t+GZnx4UWPSt3bQNWrAeUbyqe5MuBTSDBy9lLyDg="}},"PD6YaPJTwQaVQOpf1kkelEyt1SGyLUZPyuGUOwo2U0w=":{"valueMac":{"type":"Buffer","data":"eXwgWCUL7pHeL+QOH+kNsO6alI39YaqqwIRYtESs6oY="}},"PHzjMMMNol5ZuPV5m/gXRFqtcAY53bZrhEgE/8Gu4Zs=":{"valueMac":{"type":"Buffer","data":"Va5fGYhQO6sm9jYyqbMmqb1ZcvSUm4BGXsiH8x1v5Ok="}},"Pih9+89mEx30ngEhJnPBUCjDVHhbtiMCjf1kI5DyFwo=":{"valueMac":{"type":"Buffer","data":"p5c0qJP25F9Yr+BSQe8nBPzZFIQQS8z4f6rZSGHnYps="}},"P0C1trVUE3EdFRZGuZHPzRfyK0FiwSKTiKuvoES65lI=":{"valueMac":{"type":"Buffer","data":"WJB1YnnWF9NUx5fahz/amSm4OSrUn76zAfq+JbiUQa0="}},"P70nQN5dxv9eDzuDM1kzdaod72gPxBLsQszxcAoS2Bc=":{"valueMac":{"type":"Buffer","data":"+m4sD+ymIJt+3Hi2nfOzmw3ywYJXRivcqEOiAUpLEDo="}},"RGExwQNy03Copq8IsF5EeOVIFaRUJgeW+VPdUB/yerU=":{"valueMac":{"type":"Buffer","data":"002kmcnGefRKTvzb4yRc0CjN07m6L6OTmaf/ulCBbC8="}},"RZuWimXoalG4h9StH8WQi+Hu0tRVHaB3LN0NoyDUDwk=":{"valueMac":{"type":"Buffer","data":"spPhvWI8x5xaJnbCYHBgVXjrN+KZAxC62rEZhcXfJH4="}},"RflfTjnAnr1nKXHwlNNCjdtjrY+QvODegNQt+v/w8UI=":{"valueMac":{"type":"Buffer","data":"LP80f1p7jTbkqSeiWKhITNSkMVeO5Qp2E5PJkhCJWY0="}},"SLWl7Ab7kLmZRmePteBnQ0RSa0ImAFF4cPLftPASB+E=":{"valueMac":{"type":"Buffer","data":"v4Ze01PWlsQXpF47W1BofsEywML2IAQ81X3nZO4Cg3k="}},"SZTLU3ppmV4AncBr7mvMG2d9DjMdOBwbV3do20LUi+A=":{"valueMac":{"type":"Buffer","data":"tbBtdiZoWtWJcldbL/TCq7IsAlkqIM71QIWs5bnM2X4="}},"S4jGwG4xoM17eGbwVXayNEl0yMeRnKAkY+Xh+m9IRjE=":{"valueMac":{"type":"Buffer","data":"vCQQzc2EUAgw0dpeGWJpMQfAbOmP50izQqUTvZC9gSg="}},"TaMd0ioJbuR+56p+VA5sL3CtENH7SIXP/qXmCFdAUss=":{"valueMac":{"type":"Buffer","data":"iMe/Wn+0eO8N8tLNXgh/2odvLXXUDcCIiOujI9UVGV4="}},"TjRMawCJc5BzQFDgXZRBihakpV9WuvEj+mvUVmcQh3k=":{"valueMac":{"type":"Buffer","data":"UUObWcTj3cK+zDGzUXXojlxLvaBZXGOAPmcfEjoKrKI="}},"TmjVdYWxWY6CRP+9ct2gYnRJYtcC+dt9Om2TacQfGi4=":{"valueMac":{"type":"Buffer","data":"T0N3dldOyvhCDRh6GcnMVvpJlc0j8cYpRNR6A2h1yoM="}},"TyVZq9NI1Ll+VGcLzWBdjBGK6IYRQXpvlCJFuGWv4Bk=":{"valueMac":{"type":"Buffer","data":"vT84KScsK7cRKeEn+nLoqI6iiZUDfRNyUDdSciTaLFA="}},"U/UDO9+8pmmFYClJePrrRhcQj0JnRRKNnwf3l25qBzg=":{"valueMac":{"type":"Buffer","data":"oQEbllUzJwkZaDbFgeoX6vedsWUxRBrN2n9YxVyaJgw="}},"VCGVzTm1CIP4LKyAHgcr56+cFPhT+q4pwzeeWFMLgOo=":{"valueMac":{"type":"Buffer","data":"icUJKrmBjiH/ms8kEez8VhBKWsofET4q+tCKV3/Ixj4="}},"VVEG6Cu7uhavicimM7An5JSab3T+qamOCmKjiMquWdg=":{"valueMac":{"type":"Buffer","data":"y0rbZ8UbnlN9HCy0gjw+Q8xucsmH4DZvmTYT3J+k32c="}},"W2LiEMylfcjGxtxheP8NIHUUguMqyJz/kCFQlhQ2FOY=":{"valueMac":{"type":"Buffer","data":"KoN8fghCaFf/++cjChJ1jr/tO6FNj68M0nFBeYpY/To="}},"Xd1FyI2IjVhjWlf/tI2bZ3LJ8SOChALbuw3jn+2oQ3Y=":{"valueMac":{"type":"Buffer","data":"0VaKx37cCV48gEitMA2k1j6ccTweI/pd90KsTP31FtQ="}},"Y27xaIdZmLHHoXsGAonHZhMfo7kV6ixnx0Cp/2mkYJ0=":{"valueMac":{"type":"Buffer","data":"yJfZ0sTA7vVKErVIref803DrADcGV/XLzKhScqLz5Uw="}},"Y5R0m7KUGVwFZhP7ZZf/nYJbPUrfgQk388Vmh5/+We4=":{"valueMac":{"type":"Buffer","data":"yWZ7ltwvXRfE54UXdNn557PfYga5EFO2wSukLKKLbrc="}},"Zc78X0zcG8gHxcEtW+pWfUtroBEu3odkXsLVNZkMwTs=":{"valueMac":{"type":"Buffer","data":"/coB39Iv2AhlEo16hJPgtVoirLS9K3DdKHXnMSXrs2c="}},"Z4y63ra2RK3h1BeDISffkNbychU9je8/UvofPzLuwl4=":{"valueMac":{"type":"Buffer","data":"hHAZbnkGfntt0C2cjZFNpXFR9AQw/OfZLTmrREx91nk="}},"aCk8+nlxwa5KhjCgB6/dCyhetLwACCoHjUEE1emCILg=":{"valueMac":{"type":"Buffer","data":"2yev6S2FNxOGqSExMx9X8l8+heYQ3ypSxXfnZ1iThCw="}},"agA0c6dIF4Rz6mM9dFGd7XQlWNKO1oSq8I9ogZGtL84=":{"valueMac":{"type":"Buffer","data":"g3ChePylFn2LIziAJVSLCK4v3BARdQoOKuva1vpltQY="}},"axiewBBWqWGN0B+9Osg2HOBiDY2XQL1576hrsiTJ1Es=":{"valueMac":{"type":"Buffer","data":"HeolNMr3sfCNX9QHpFavIsoGQvx7Z2L4fmBeOO+R8FA="}},"b8q1hmyHjqj2Vuit/m/5CBdTQG66uC0mLRIkGnlIqfE=":{"valueMac":{"type":"Buffer","data":"4axVWtWWIGnguwUgDjdvvlZRoVkWNu1UWWln9l6pWXs="}},"ckDeHixs2MQGeZlRB6uscxQ+hwZ6SIqn3AQH8Fe6FdQ=":{"valueMac":{"type":"Buffer","data":"M0sLiPa7ivqRpCu/03/8NQTgsfGSHqVVVSYQVAnYu3k="}},"cyJK5tw1Q6oK7QR9Wc8xTadYvV17RuqLnhRgHC8XaUA=":{"valueMac":{"type":"Buffer","data":"yKOB/uditdKvXfA1/NbfzukYMCRliGZfwU5MgQdqUak="}},"dUfnodWHhQETLi7SlJx/2ZNjHlaXCgJNlpP4qqqJFb0=":{"valueMac":{"type":"Buffer","data":"u3DL2FkhBYGfBeESBMgrHQOZzcLps7vo2yQPu6O6ZC4="}},"d29RoYVW0GQcYvrGlv6EGzjdy/xwV6qPxiR4mrDhjfQ=":{"valueMac":{"type":"Buffer","data":"Vh6gXoKwK7PEPKgktprTEDExfd4H1S8WXbfD8z+GeWE="}},"eEy5EXb6CqYViQwcAiYNVZIwjAfk3hogcbmp8BeppGQ=":{"valueMac":{"type":"Buffer","data":"8xEOoOum+eV7nCAEs/GO7TJkG8RlE+gdEAgBXAtybkg="}},"eHphY7+rRi6TtnREM5lwm9trTHeIr86lPFGmFS7nm1s=":{"valueMac":{"type":"Buffer","data":"xdPYSgF9chLos8SzqvfAZmATCLBtXPsIOIkyUMAaYE4="}},"edbFqrEr+j52HUflg6ARrrcdmBluYxTxK3s8Hi/xhuo=":{"valueMac":{"type":"Buffer","data":"cHyw76s/ae13i626q9tsvQSa5wCu8FCawtx8Iuqu15g="}},"eveXHocNNr0NYgLiQZgmblnxxDtb33yS7gq+ZQsXZMM=":{"valueMac":{"type":"Buffer","data":"OWU6S2zYpzwUzaQqQOMCsBaKlGmYaCRxpvqJJyi/CGA="}},"fBXTP2VUK1yoOy+/TJ6Zq0wImcNK7PYvHIAOfCVKuPM=":{"valueMac":{"type":"Buffer","data":"Cq7zXpXx5ZRErybjVtLY6WssgJqlkpMJVpnqQ9ZDFXs="}},"fImy//ulEF8wKrcROhzZndRTznQ0a4TZQgfHPMzKNHc=":{"valueMac":{"type":"Buffer","data":"C7BpkagHbYVzD7smr831ZjUbZ0mrE3qEOWJaQHRXqgk="}},"fhc6oMgwQx8ewvnaXFMZnzILGMJyuhYpoFebNxCLHdY=":{"valueMac":{"type":"Buffer","data":"tAfbVLTKhE6+ljfRKouNUS6bXzZajxVJ8VpJN6388yE="}},"f0m5ruMdzvARIkWRSdD/x5YTkFLYlDDHQz4bgdTCUNE=":{"valueMac":{"type":"Buffer","data":"DhOuZW6qt4wE2rcmLztu+P+HxRS0Pp2w218eIAez42s="}},"gAUxQqnHFSCTIpYAidkWN2SoFQv2uhHSVb11lGV4JQ8=":{"valueMac":{"type":"Buffer","data":"BuvwN66bAB4nDh6f5wZhZklUHzdJtzDKYk2qMCUns8k="}},"gO3g5iDGeVVzwueMRk7SQgPC+ShQwFDahyotn5BDR9I=":{"valueMac":{"type":"Buffer","data":"EAQ+HegNsIbqKczhtodbU6P7QUgqjgaEHOnxvZ5etnE="}},"gpunPf0QNqIfa+QQnZk0aiTkKSySSX+s+S1e30eZZBs=":{"valueMac":{"type":"Buffer","data":"mH9dzzDrduL6Jw7LW1xTeakO3wn2qfqHhnEuPb3qLxw="}},"iC2FqxL0d+8kvb+s1+V0JgDQLWnQPE+ua1p9x6r7y2Y=":{"valueMac":{"type":"Buffer","data":"HtVUQSz7GsxWzU84IPTsy6aA0XSC+coETnO5Hvnyqhk="}},"iTtQGhBCj60XNLj/Zn5Unu5MdcKaUWKFRRH5d9yAiE4=":{"valueMac":{"type":"Buffer","data":"zRZ3/3NGAb+cn7dP7pwZyTKgbRuEs8vE6C0ruhz2XLg="}},"icx942roP8H21NnA0wWR8G87RB0ifvpcIL9OiMHVupg=":{"valueMac":{"type":"Buffer","data":"i6XV6basQ3nFA3PwFSPB2SpkvoWEQrPTP4Za3PwLX04="}},"iso/hROMFnYkeWQuQXgYkj7IJUWFlj+/NhLEV4XXvOc=":{"valueMac":{"type":"Buffer","data":"Tk6hKIk9F2HqAuMg3dF9sVFXPXZU9TCyck6ZjUe5wIY="}},"jnlyZUJ9kl2+6/J0vp/TszxKPaIi16DhJkN4akw8NPs=":{"valueMac":{"type":"Buffer","data":"ObsbYEMDzZ0HSipUzb8vp0sTSFsVsGyusTDMtfa6KAc="}},"kbzD5ogdXc2PMj3bYr8mpLN8iuc1KyqFkMOce/v2FX0=":{"valueMac":{"type":"Buffer","data":"IIuiBHCaTHpFbBQ8Y/zEcLUkTuA+ZRqSn5yc4emPIlo="}},"km0Qnb9X44KgCPVgJdiXnNCx+QtYEEBX/osd5hA3Jgk=":{"valueMac":{"type":"Buffer","data":"G0aX7wBKGstXiAm7i5JFVkj68/hxCTSEbPABbXITsqw="}},"l9PGTIV3LVy8M6Xjad8SDHagDoHM6fK88HaIK8sso1w=":{"valueMac":{"type":"Buffer","data":"fdz7nKoMQ6MeqtGsldBjpslRh1jtDqh/28qSpmm7kic="}},"mo4mRA0aBOaQLJOaukf4Y50xdM+m2PrMC6wMgXilNrM=":{"valueMac":{"type":"Buffer","data":"1H4tbk5+ux2IVLfLcEb8dGFRlbaiUU+b8lMyfb7dvVY="}},"m7Z6aJGayk0qrFiIxHf/GWTsvZ2j0ONQaOMkCtigxA0=":{"valueMac":{"type":"Buffer","data":"velRUpct48Nxy8h2BoIlrgLr76/x+ID3fIij3tlE06Q="}},"n/jOhvpnsIQDCKiBlGA2yVdCZe88hZOvDzVZvi3rCHk=":{"valueMac":{"type":"Buffer","data":"SQ6UIHAKihu7/b8w9t9Q7wFGtZrQmNVJXE29ycA5O+o="}},"oaKy+OCpA+9Z/aOn6qp9SxoYN0Nz4+igaOhA1i18qmc=":{"valueMac":{"type":"Buffer","data":"S9D5Q3sREVIKzCtTRdbe97SKpwT24+RfAo4jvuvONEY="}},"ouPKw7DFNAcolBACF+93xFO6iFUmcU2FaAFRwTs6ycE=":{"valueMac":{"type":"Buffer","data":"oQDIMtaVIIXus2LCBqhRmgfFv11n122b4VGvxlPJ9f8="}},"pKbCQCVasOlOnEpgujAq8O/aGJ5XQaHH14PJqCcEuOM=":{"valueMac":{"type":"Buffer","data":"XzcucqgZCfqXjP8ybBW34wulLwqER6CoI1ZnUHHjBxA="}},"pMr3dAPyDWgtrGib4l8e5iSrLG/Q8BBY9ewBXcO0K7s=":{"valueMac":{"type":"Buffer","data":"3a5vzuEMFj6aqDBsdyExeVwKxeAHLyJhqVGjfFpdCxU="}},"pij3QnC8eJf6tF5BSQTDzJ6mbBLkkB9+C93qrwqTJQw=":{"valueMac":{"type":"Buffer","data":"wt8TysBn5ajQ8JPTSqhendJhaqvX09hEe57t2FU4Yhc="}},"pmpIB0KjO/ZH8k2qJCPfNSmMiR7U84u3CjRvu+iuihw=":{"valueMac":{"type":"Buffer","data":"kazCVgppQSwy/d5g32lIK7E6pqk2FnT7XfZDm5NDFbU="}},"psK8yoBnL8N98TjwJ9qBK+LvQLPSVhDKV08FG+xnnk8=":{"valueMac":{"type":"Buffer","data":"JCFK5m1NCUqTmV6HepNxgJn6n1ohhoAxpSIU7aU0biQ="}},"p61FGx1lHaC7YPQehddH1SWonqrAKghHalFaFFDbqw0=":{"valueMac":{"type":"Buffer","data":"9svCMB/CWBoEVzSSwDNHarRawaiPuMISQQX9YwYBftM="}},"rBHqgR/4/6dfkrSzczlYe1l4zhu0NllZDLKrPyNITeY=":{"valueMac":{"type":"Buffer","data":"MCphsgmZTqhzaLuvrlcgyT3KdluzT3AbMvhGiv1TxQE="}},"rDazRbPG3CumWyJHZe2Q8Ei0FuQbsCPfuqWFGMXcVak=":{"valueMac":{"type":"Buffer","data":"VTgQTSJWkp/kzTFGtknLKZSFYLxPmF9ajjSQnH1d3HU="}},"ro+ojVP9UhDW6+hcRDcbfL4gG/przsHA6SlAFFYk2pA=":{"valueMac":{"type":"Buffer","data":"FPEbfGmcYhkebDz7d6T0nDGk7z57MRHmeCWVGeqmoN8="}},"sXoKZkgrbb21H5s6aqDYGL7vF11rMDvktDrY4uQhQw4=":{"valueMac":{"type":"Buffer","data":"iBgENtOJJLvRVeDLvFV9dgothKNUWJwWlHtb/ZyyEW8="}},"tMz5u+56fzziVHErrD5DEIO5WyWi2SiOlFGVhJBbjpo=":{"valueMac":{"type":"Buffer","data":"vMgGQNEoxRYfnRNEniv5oTsx60a2/GNR6jgEKZ4wcQE="}},"uW2D+OndW+RaF5FgV/oTZ5Vx3Pdtb7r8ndWzda086Ps=":{"valueMac":{"type":"Buffer","data":"l+ChdeIAbQQ12uJr42A7Ab435RJhR9zedjqcGMfKg2s="}},"ujljEPjPeine+XEf7I3vPzvm16KBKB4nUNiUamFy0+g=":{"valueMac":{"type":"Buffer","data":"lNBNuhL7/y7mF4zKh0stNn0VCAcsHBmVWl6cCFHI3po="}},"u1dwBGyMfu0uTQ33jceSxhJbZrfKwzjzwnEsxa1jXDI=":{"valueMac":{"type":"Buffer","data":"RWtEEBc0BBfEuylXs5Clq2bF3LjabqOQzjIQTd7hhLs="}},"u9C+Zn1q4FRhHsl0Is5QOP3t3U2U+L949y47H2rGQzg=":{"valueMac":{"type":"Buffer","data":"iDihX0MeAmS7g+f9/4Pqq+S2yD4K3AInWHU17RYZczY="}},"viomZD6aNfxLsy9zSCOTTRJmG59jikLdQhslFVsW0D8=":{"valueMac":{"type":"Buffer","data":"epZJgbuA0B2yVvYxiDrz/AE0MLbww5zGsTDO6N2xczs="}},"vrrXV51pzkW3M6dHe5SnjZXNZq2oQG/TZos05ijL+2w=":{"valueMac":{"type":"Buffer","data":"fMw7Zp/KnqpE6SPL/8fmpCPygNJJt2bLfVGSzsWirAk="}},"xl3jqiL1TxBw9w1cGCajYvb0OHW9Qw2TsYpkLtbsAgQ=":{"valueMac":{"type":"Buffer","data":"OEzjhU4x2WKdzMailJZA/T5aKJujMp+vsa5UbOsm4dI="}},"xz1Twqkpr1OkXpOQyXGcRx1a163xeyAUgG+LO3xbC6Q=":{"valueMac":{"type":"Buffer","data":"YPxyaPFbxwLU3Xi3s3TncYcXxzgpSe87tG6zHnDAO00="}},"yGDoUBjXrv5ufeldFsJKL7T/4zSt1H8cHhFggVA/8tY=":{"valueMac":{"type":"Buffer","data":"go8iGNjmZ//dFqXyRVLiqljZLS7OId8vNtSAhaSlBHs="}},"yxxPQ+McLTeM00khtdXPhMExzP5uUKetnHVQo70FPy4=":{"valueMac":{"type":"Buffer","data":"DVEToxB6OjQc3KD6DQbIu8P1u7zNJH47HDzTyuEq1GE="}},"zlq7kH3Tr4/cyec9axAB9I0ulVKnJ1IW3r4LMyY2CMM=":{"valueMac":{"type":"Buffer","data":"mxPxsswjyChdZP3s/Ht2JkQh27ODEJAzuzJTAsnQBPE="}},"0rNsEW21cGFWfegzaDueQp2ZCYZzQDpiTfthwt7xJNc=":{"valueMac":{"type":"Buffer","data":"Y46TZVb8HzUQ6iUajhJNwUDrQzNU38BOU5sFWhMUKLs="}},"0rob1eeXRPB2L8TteNdGj62v12q+UDg37GaaJg6DOiM=":{"valueMac":{"type":"Buffer","data":"FB78nWb1kgIZ56et65ySSdaBKTqRde7pPi2jjMkNGp0="}},"00j+1PFvhIm2Rrm4KEb0rmNZz9NnGAbGV1QnAgCwNas=":{"valueMac":{"type":"Buffer","data":"Y7NApbHX5pe455mlhj7pRTIkx5zFRzsPZN6aTrve1uw="}},"02EK6Me2X5yqYlDCxVAhAb1cnaWjgGXD7G1/XMyr0c8=":{"valueMac":{"type":"Buffer","data":"xUb2uS2uWqUHvTRnftC/GeqqRIOBXep4DHb0y5G43NY="}},"1aEoBCMB7l4F2djQ080BO/JkBvN/M1UJmwZmQExcoNU=":{"valueMac":{"type":"Buffer","data":"zT4l+I7w/kOwQ7mjp5S2rIonbMaM7HzVdW4jNWPADpA="}},"12mwMSxyHZDSrr9eEpik9ACctqanKlZba83UsHogO/k=":{"valueMac":{"type":"Buffer","data":"bIf5D3z4MuUt5QtWQmujgjO+W9zzqzFrHqUesrjky9Q="}},"2p9N5gucVLqxopkYJ4XF1vGMNpnoDXx3npPgmDqjzaw=":{"valueMac":{"type":"Buffer","data":"m9kuBih1waBF/Ey7azgdGyxMOPlhG4lDYdigkFw/yoI="}},"27CWxkGwDeUmG6rPwennAAO8nSMX0ID0RIbr3cDwfe8=":{"valueMac":{"type":"Buffer","data":"AfXU+vULVmMWsJg2+FUzBWzRV9W4qycNBRmkd0+I9I0="}},"3eRXZCx6955QHsY19ghHphd3F06zVGWw4+E2E+9PDXw=":{"valueMac":{"type":"Buffer","data":"Hj50QAy3JSbsaLPzOFH5gK8hHldEG4gZ3k8gl8YU3kg="}},"3kXPRT9/89d08L+DMkoALQTDsKTC3I50S/kY7+7Kolw=":{"valueMac":{"type":"Buffer","data":"/lzXX5vdHg+thXl94uHxYkpVHtInC9xNZjn/UWTGsQM="}},"3u5mBHZS1jv3Eyyr33QJpCuQP299AAhU2OVk8xXuiXo=":{"valueMac":{"type":"Buffer","data":"lO6SDOku1DJwVp+QLfWhieU2oBUtpf6RD1WDbv32/As="}},"4frfnH+SfCMYwvX859mcSnmzrorFuKPUiZ7aN6xbCKE=":{"valueMac":{"type":"Buffer","data":"KzOnhHCDZ1byvUGOa9BlgvK+lhgYj1fUmm56rUnBu5w="}},"5PizSwSKqbK872WuiQ8yiTp/ZLcU5WMSrS6SjJBEgLc=":{"valueMac":{"type":"Buffer","data":"J4oQnyypab/0Pv04qN2ikmDgOe7cksG/kCFInuWRQe4="}},"6aJGaaw6kdSJOLCZLFQE3wF56JqpjLWbbVs0cHjCWsg=":{"valueMac":{"type":"Buffer","data":"/J03f2GR8VFMd3UQH4egSBdwDZw11dZNsaACDYszuc0="}},"65b0cCLyosmhWUiDlg4ZukPHyeVoVzQH5lwFo1fqTDU=":{"valueMac":{"type":"Buffer","data":"wkXhF79hgYM/cl71iWEfRv6CAjxfE745/BRciKwVdm4="}},"7TeYNumxp0W45Hwy4hJGuzpc14HCqQHJu0Mk1wb8l7I=":{"valueMac":{"type":"Buffer","data":"fMpT/HmuHuK5mm7W2mTAslhGOKsYyLRFDGqqrvocRQw="}},"8J1BpYL3IyHZH40DJVXoIp90tmHqBydpNdISnwjTkZM=":{"valueMac":{"type":"Buffer","data":"GC3IOCiURkaC5uzNCC2csOt3qjay6n9Rc/AuytnyZeo="}},"8aT/NX0p388bMjWmgewhpF67KBonpRJop6Yd4y5YMlQ=":{"valueMac":{"type":"Buffer","data":"wIjRv2wGmvyxkv61LgKP+/l02rOVlMjNDWw7M++mQDc="}},"8l/JetdnAYFaxUJTXsTjitNPKXZZv0oUnkuiL6OVOPk=":{"valueMac":{"type":"Buffer","data":"jlxDF9FCNx3tIkN9MK46r2Hv7NFUSsetRIWNbA76l8U="}},"9axAoJO/pD5+LUEapBtfZ8TtTRsPA9BbIkpE2YXpA84=":{"valueMac":{"type":"Buffer","data":"6Xl5ET7xdLUwyJWUVVdXQE7ekSyTcuN27RBL7OGaav0="}},"9zACCjBfg42v+q0Ar1rJX0fCldKG54BVBetS6rU3SyE=":{"valueMac":{"type":"Buffer","data":"M2JubFKnqjbzxGenET17OCv9w4DhDe9VkSA8JzkCidU="}},"+E3aUQ7iVGrN3L/JjKTujVrY9+7VfW287KMqUBS9WRI=":{"valueMac":{"type":"Buffer","data":"FOuMklAk6BuRbpyiaXWnaGT4h5sqY9k3v5Cywqh/55I="}},"+Kaj18y1Tmd2hal9tKjm/9mTc0JOfQ6TiAQHD0cupIs=":{"valueMac":{"type":"Buffer","data":"Kcq5tKCUbgeUEIwSq8MH64VNn4joNFDrp4m1VGpa9mE="}},"+TjNlg17lo28F2tTio2uNwOQi4oSJRtAxVwmNRyYupA=":{"valueMac":{"type":"Buffer","data":"pMj0FOvsxLklxZs3UrWfLFI1NaUSzZQ88BMixumcl9c="}},"/LawWMzXPr96TFfRjKM39I4hcAOq8Re5++fHYvtOzfI=":{"valueMac":{"type":"Buffer","data":"fd28OQMjbAJZ6o62aU8JMd+q5JwdAURyTLgjfpD0OUw="}},"/drra+Ei4z0PXVFutVHIU+wv8e+PXgYN2+Ht6s1/hec=":{"valueMac":{"type":"Buffer","data":"LhTu6HfOjYU9uAa4i78YzrdkyIE9vq7VbBIFX31vbR8="}},"/tuf8ERut79QI1WX1F4f6twXedk0lYqG9tMEUzzq6E8=":{"valueMac":{"type":"Buffer","data":"8gN9GMXEvHWSxLyEswkMMwwLaUO/W+KE7BTo8FUqoqc="}},"+LLAVkpTLWLbLTHkBXWVy837cXOhlZIya8RgHKN4c0E=":{"valueMac":{"type":"Buffer","data":"Z2N/zbYNYXPZrGXsYU491TQn61KaITYaBv7NPHdStK8="}},"781GnQtcv8nkPZcbpY51i0rRae2khX+zi2MU+pQwyvo=":{"valueMac":{"type":"Buffer","data":"DxxQ+altgQibH/xzklrLCdFhStHEDsmAZ4+toYG0/Fc="}},"F8Ir0RC0O56aHaoTkcEVh/y5bULuB9deWgTQWWy4Nkk=":{"valueMac":{"type":"Buffer","data":"zQjnkAWBmMNGIB54KTv+OntM2C7z/JS8jZzhEiLlCFU="}},"cLMjYe24YQisCzXus6Rj38jIy+ji4Mes5YBqNdVR1NA=":{"valueMac":{"type":"Buffer","data":"RyvGCHNShe6wNiOen6aNstavbgkCgbc/gpn14+7InTI="}},"jsjdggzUxmNcm6UbjsYo9Vi/1mH0s1jqIyDuD50AyGY=":{"valueMac":{"type":"Buffer","data":"YwEx8pipscNhTDc+ubPni1wyV/k9au86Z4I7gnVGMYo="}},"CPqctefR8I4fStaPGRRJcW8h6JYZp9sNzOn2sJZ71sU=":{"valueMac":{"type":"Buffer","data":"Jl1KdqgLGGL9daIvHdwMp1UnwKHJithFdihqf79XbQY="}},"+8SBFzJM5SGFkBsW/CdRaDaz41oGY6GaKNz1f8xFndI=":{"valueMac":{"type":"Buffer","data":"r5wr7m95vXxaj8MIp2wfOPf7VTH91DJGXwN65elffns="}},"ZoLt0ArMtmVKikkZj+QsGwAm7n49pVVc739qSDm59dM=":{"valueMac":{"type":"Buffer","data":"reemjSgJVJABud0X/9k7gAKTmrI6HLLm3NFRRjhH9Bo="}},"cVgP9RIBiNYHZ7xuXlSqi7/a+PtBHM3W5+6DuUYSW/U=":{"valueMac":{"type":"Buffer","data":"zYba/9ZIg/glZB/hfpZ/i3yHKtgbmD7ziN6hsihIfpw="}},"sO3DfdzjTjgRF7clfuTdhmmZHK8jAdaBe/n10pfSGYk=":{"valueMac":{"type":"Buffer","data":"/qWIaMiELnCcj2Tzzj8WiHxrje2x0zaKZaLvF24n7hg="}},"Arq4wH0q/4f4iE7IZMKFP/L4q9FGQ0rpEB+qeVxIf9U=":{"valueMac":{"type":"Buffer","data":"zm07naVo+krU3juBP3AlKfuOwsbNcPSM9r/E2YhGJFc="}},"d9spEzy6Bdxmw/ntPzbmhRBEzGL5WDE2qigYZv2k98A=":{"valueMac":{"type":"Buffer","data":"106y5adfx+wML31g0ZSZACgDH35R8S7CCdXPpf1iNck="}},"555GAQqxz2weEAeyuNuq2plBdzeuGZeWKyDipzvYk8E=":{"valueMac":{"type":"Buffer","data":"lTZn3xJZxP3QJ2iqKfGcGKj1zbApLMGpwINm/LYiBJ0="}},"RjihRIceoALVy0qP0iskP/+JteYKtjbVgSoC0o9gct0=":{"valueMac":{"type":"Buffer","data":"OSaj8SXDmwyMIRhO4+UnTXMpSYGTQtSAHBDMjE47du8="}},"8z2Fh42XMbPCYyRuPb41RJNM7yvjVz3uHUAIeqb/R1U=":{"valueMac":{"type":"Buffer","data":"VTT2meT/tm3jW1oZZ4cj1vI2GByELGKdWtJ26pt3m7U="}},"mll4WV/wnw9BdNoD17gGJkUF+f6PY3H+fOiYg0mdia0=":{"valueMac":{"type":"Buffer","data":"vI9xqH9Nbe0OdnqSkSP1IT3HHbW9GNh9oNuGH6v46Iw="}},"oXWGijPD9MbVies5tuDfHgfIQRblhss0yJ4L5e2ixQI=":{"valueMac":{"type":"Buffer","data":"JRCy7InmTwXvHLec10GGetS7s2n/bBgMiWCSMeIxbXI="}},"qPJLP2CB6y+ATxwG7Azxvga1RWgy0qORLQcVbgVRgjw=":{"valueMac":{"type":"Buffer","data":"w+q4khLd92VamjefnGlGufX5x0IgZ6KP6dWgMLO9fww="}},"nbDonrwti/09McP8myLgtIWPCmrtp0Y4K3RhQ4d3G7s=":{"valueMac":{"type":"Buffer","data":"As6cSsaiuFkc0zy1rDavvcotYuZCZHPNQcHsxSq9Kn4="}},"VMGamnedstUFMEu9yENDscPkEfxhbTmj7S8faxUjFEU=":{"valueMac":{"type":"Buffer","data":"GzpVUpUqxu9TPDTk3hTwoI2uirECabi/aBzQDTESh0U="}},"bD8BxEB9ym1sK6hP4q4MAuO0eW8zIq2bzGwa1vRXWzY=":{"valueMac":{"type":"Buffer","data":"Om2DsODJECiY0+baASRL8BAz7jtT0LIboTtHMy4vddM="}},"F2f+ByQrUpLFy6dDcnXRLq56alFNNBp0wfS51yVVD/s=":{"valueMac":{"type":"Buffer","data":"7qcQIBzTdLiFJMIhZEj9EI6ollm3qr7W++yWZOnnjjM="}},"+LUi4Ap1rguwgMxmJwgfOzVGfKQkAxh0vj5XHQs6iWg=":{"valueMac":{"type":"Buffer","data":"sAjLLH9TF67VQcaFIQeY0qMwnJ9PhdvBayJmxJnX0Zs="}},"3DBdW5kq/k6urspIh21rR2xyF6WxA71rBaXtCWmm6MM=":{"valueMac":{"type":"Buffer","data":"gmknvFgNFLpbWvNjMqjlsBdgIoozi2Rm6jkLq3UlbmU="}},"gZXNXp0dq18oHDRJ6w8dhMoXhxdH9CDgnURl4Vtf9dg=":{"valueMac":{"type":"Buffer","data":"qovOAyo2ywCFDQ3uZ1wLiBXW9jEYW99J6MJ9IyikWRA="}},"IciyaRTcbGPvLAwnsQywAW73dQ7IKVoD3qJZSRL248k=":{"valueMac":{"type":"Buffer","data":"uvWdzee9D0zjmrtN0YJ9BRiP+zgTTq/SDtbxv6rCfRY="}},"HLalzub0u1Q5muJJCc3JSY5DiHAhV907lbVMKxXP9Vw=":{"valueMac":{"type":"Buffer","data":"UTQArKn7LGybBdT5ZIQZbzfi3SDjJvk+abUkhhT0g9Y="}},"lr5u62+ZBRhEOF7sD7Mp55JStBTwNfed2xm4M9mbt4I=":{"valueMac":{"type":"Buffer","data":"+1rSC4bvrhRQXJy71NM67OxteaKjd/4E6ULU3bhbHJw="}},"eRVDhV3SakUyFOnd8yzpSw+BZ97Ix194mqnmUCP3Uw8=":{"valueMac":{"type":"Buffer","data":"SwkQFj3BXYzmD+cdruqJDiYQVGauZ+DuIiPTT14KlBo="}},"4/TK3XFeW2MqR1RZL6sMOF34cLPPsKOdsXD0PPC0UtA=":{"valueMac":{"type":"Buffer","data":"vqNGMFnZkcU0NVelHfQMM0ag2rNf8w+ErG7oNpujWtM="}},"e1IOyVZhBhvWuPzSC+7R3fou/HJl9JndlgcntT9LbkM=":{"valueMac":{"type":"Buffer","data":"2HRUqfDRZ0IlCIRk1uHdALf1IyZra7sJcI2WmLLJQgs="}},"wXB2HH8aK+JY7HzfjpEgK4RwB8CIvYxd6Sfxct/+slQ=":{"valueMac":{"type":"Buffer","data":"xxSRDK4eC0v8tPVYqEs/x/GSATQ5eyJbFmEoZj8Q4+o="}},"d9O3uV6zXk40Zzenq5VfqAKown1iKCuVxZ2ZVz4g1sA=":{"valueMac":{"type":"Buffer","data":"l+1ESubeLw5fl6EcrrZZnVH1GCBbCBobJ5pp00Ic5TA="}},"qZIGd4XG0TMvwmSH+BHkUKKtOdi/zAH2kw8crne/W1k=":{"valueMac":{"type":"Buffer","data":"Dw80vDRYULCiwMYgERBGko/59nXv2Y66HIk67zlnyMY="}},"xGKVYJ51xlN/DK86a73e2amvGYjWAQBFsXE99QtnQwE=":{"valueMac":{"type":"Buffer","data":"9i81KwMGwl2vtB4XztFu+E8jGlNMOw38EUBL54e9iSQ="}},"x69kHLKbtLxjrhhBf90ORwjxHc/cSi/5OtOKlJEkcgc=":{"valueMac":{"type":"Buffer","data":"jK/uzTFpHSDzJ8vIXvLMHH0MTkEPUi4eQyX3m3h+SMU="}},"yWbB2KyKzl8FU9n0S6vXpo92JcOvKXfoZ/IQVYsCZUU=":{"valueMac":{"type":"Buffer","data":"9zOZEIHhODQqJoWdP8jTnQinvxIM8rjDrI5bc3ZFnMs="}},"yJlYMhnWLL+MTg9tRZNC+s0za9SCw1Tj5XjMPlVJwl8=":{"valueMac":{"type":"Buffer","data":"IoqcO+JGa4HBnywwvdiRcuePxl3T8JYVvMEhkNpEklc="}},"uO6x1e6XLTJPWAyrphxg+lMb3MNPCKianUA8pJ18QpQ=":{"valueMac":{"type":"Buffer","data":"clZB4JYbHbPuCjh18UqI4J5pjNFL3DsO3DEfRjwnb/s="}},"mcyzDPlAs7KAWh1OtDoNcDojSXYdXZfUc7FzzlACHns=":{"valueMac":{"type":"Buffer","data":"q+E+2L/+P4Tk+OQ1nz9u/Z3KgEGcRPM6FLLdpfOXW8s="}},"stulCgEcm94z6JCbJW9W/ITOSzx5tr5X5njp1ZjV5sc=":{"valueMac":{"type":"Buffer","data":"bvsGEMdm8WpSwa8aELRsMoYayKfm6pMhpIyUy9qCk+4="}},"5537vnDGmr2GrKgD4TiSpQDn3QmZDTyjV/zs7RbYQTk=":{"valueMac":{"type":"Buffer","data":"K+1gNqRgarl+GWi2oIFF99SFYS4xg9m2T3IhfvfIWEI="}},"QZscw0tMn1WxDnWcanS8SXj+x25DnrgbJHsJa8hQKOk=":{"valueMac":{"type":"Buffer","data":"L8+R8SP95In9EcaZUZ1B1qFVJzViXAgv3gFWw4CJlaI="}},"v3VjmhnB54oH2Cvm5tgfF/v6V2K4/yMpYEPZw8zdih8=":{"valueMac":{"type":"Buffer","data":"rAxG8RWR+8fLftndqgM9ccJEnzNR6W1S0VySk0YQMMs="}},"z3fWyjixoZRnIKvUACRvnadQnP1n9nMZsMuwVWEu+VY=":{"valueMac":{"type":"Buffer","data":"uny7IRKD9hJs+v46AHf6zSZ5WkAJH/f28Wj2evQACpo="}},"PacUZxX2esG4WK/B/uFshF4rQxduLgSETY/iySzdEuM=":{"valueMac":{"type":"Buffer","data":"xIvk8SY581tWr5MD8HhNOwbQCl8e+20ns527CctLfZA="}},"obKw6eUVjy6ZoKezYaMWgzXzJP+zsZkSPpRbenRLdvE=":{"valueMac":{"type":"Buffer","data":"7x+sBgcIcJICPyxTUKgO+SCud8qLpQrijrONXod0/X0="}},"XkM0ZT3Aam/CSWxbqb9uGJmSnw+F7FUmrIi0idDXcbs=":{"valueMac":{"type":"Buffer","data":"pUDi1Zc9XQjsLmpg6/EXmdWnqSnZmpDeLIgwlr63pgI="}},"zd0heVbEzRtPK7WijiAlst48ATQkeCgxx+mrEcPza/Q=":{"valueMac":{"type":"Buffer","data":"y+mvVXA6Pe39qo9gh0Jtxal3S54Ffanjn2ZCwGMkz7U="}},"G+2USFDxOKpu6ZUsOz9txify/1V6a0hpAkK/AI7fFqk=":{"valueMac":{"type":"Buffer","data":"L7i+MmICKjcYzDi9KJGWMDw3hZ6/H2N1hDbKTPc52/s="}}}}