{"version":153,"hash":{"type":"Buffer","data":"yLFDd/ZigfzlXa464uLJYXd3Scjzgl9hD9lHZHVBP0osWEq7/J6GWxbvP7YxDbkMtr42uiIrfaQ5PlZKxNSGNbYOW0RJHROblScEMHu0TZZK1KDg4lsh1Yj069dokPdLXS843Jk+t8Y890pc4RXP5UfxhnLB5TYmg8c+NgOt+a4="},"indexValueMap":{"AfeCxikBPK+poNkcezvo+2BRKaPZ57ntBJtumQdNvkA=":{"valueMac":{"type":"Buffer","data":"qNUUPylizHbN7nOQT0uMgN0z9w9VKI+CHLFub8fvsPQ="}},"BKOXKSf5bqpS1SPvNnbBfoBJ9PI3QRZbaDsik3M6ANU=":{"valueMac":{"type":"Buffer","data":"yGYDZA0kBFknL4/crDTrUokXJ+zovWhcct4LVB0AC/c="}},"C21QRHW8AYriQJEJ8tIjzGYk7Fi3HoGB/RGz9ylQPoY=":{"valueMac":{"type":"Buffer","data":"L2SjLkGEzD2+1Z4CvSiSyw5QHyhPqaDkqGTJwcY+D/U="}},"DVDtMDnVX5vRrffZ4W7ABzJkFfg68mATFUOjicYoOB8=":{"valueMac":{"type":"Buffer","data":"vgRKIkR9j2fWHcHlWUbKh6GYxFZUZtAUdRpZwj2XXc8="}},"DwwW+SwvZLIF2BmIbnu/6QuWEWWhk+1tMBEbNYnSp3I=":{"valueMac":{"type":"Buffer","data":"cuvEY+K9pZun+QDk+HLdwCqb40WVOT2IPJjtpLeHcec="}},"Eovp1a5jVW1dVXrZ4aNsEqtukTQuV1frYElTu99GExc=":{"valueMac":{"type":"Buffer","data":"R0ditEJTegVN9vPi8VhicSMkBzEeawjXqkf7CHY+rBc="}},"FKM6Jc0RqKtHX8XEn2/ieSpFkPQsDYcRKe8VA99WAvo=":{"valueMac":{"type":"Buffer","data":"Vhz0t9HuvzDiBdQ4Hsk46p7tn5EL1iZ9ecYs0DQ+HgM="}},"F7k0shUUWeoRxxv2r67jK83BebhbfufDTXTAQZVWZUQ=":{"valueMac":{"type":"Buffer","data":"JdQ6MH1TEWN8YRTP5MUABtyr4YV8NnTw8kzDPYpLn9c="}},"GIib+X3zg1IzrDrZMB9GQznmBSFpPranL+8aD1mALTA=":{"valueMac":{"type":"Buffer","data":"OkdzPlrxFuyptxhalp+sVlW6HAK+eNK1tjlFp2HBP+0="}},"GRnWNbQD5pSov8ZVTIUKYUrgWtY3cRsuUQgvgGNa/K8=":{"valueMac":{"type":"Buffer","data":"VT9aUowh0MO45H2HthGpCSnUy5J2t9+8R+BS0pk9e9I="}},"GXCaNJpLqzjR15Y1c4VnRiDNsyi1ol18utG9XVTLQ78=":{"valueMac":{"type":"Buffer","data":"nuZQhj1cZqzOgkl8lJE2vuWApPRuqqSkXzTgKODqiB4="}},"GhIv8Hi34WkwxbUsKxhaO7kz+IzJwPPByQt7+Ndd8nM=":{"valueMac":{"type":"Buffer","data":"bsgD9vOuiIcbSvJ6S4Hbuh1pBmsKToVowSk6spigFqk="}},"GioHPyFMPHvSZv/QwMeG15WHKNoSu9XQkE0ByymPL3E=":{"valueMac":{"type":"Buffer","data":"FPpkityyQARpEcxpxiUbHMAkB0C/9+TdLpxpWGR5gNk="}},"HJKCG6jq9s5fxN/xWsylKesfzhhgyVCbwSVydb4PyyY=":{"valueMac":{"type":"Buffer","data":"XUCyIRFaimz+FG8SHHqgXvRSs3IoDQ1k2uXiz3IID5c="}},"HTeMUj9jpTPKr38xVWQeA7lATF1o7WEgi2WxaK8vLrY=":{"valueMac":{"type":"Buffer","data":"dIzeuEXqGuQ3NRcJg2tEH8s03jziWo+VQouiXWG4CNw="}},"HvhMeG42Xzjqrnejt3y6ukF3UUtVgk2K7rRZoaczpXs=":{"valueMac":{"type":"Buffer","data":"Z96pjrnGENDVyll2IuXY2DpTfw6toW1LDF+ItSG6dDY="}},"H+oTSuQ/9sziV7B5sp+5VOgl6KOhFoD+uiuuYFEOWDM=":{"valueMac":{"type":"Buffer","data":"EZCYw7WGKH5sjEF7c9SCEGoZpGOfbDit6PrTYeXjkoQ="}},"H/dmndZe5TjMGFE3YozG69Wx+OVGOsb/LJXgxJP+mow=":{"valueMac":{"type":"Buffer","data":"RrJkd7c/4VHtrDQSpfCrMRLd7k95ZKj4GBfsNanxHJQ="}},"INaGysANCW5XtuBo2Qe9zCg4hIJrDnw8Friprtmna78=":{"valueMac":{"type":"Buffer","data":"Y8hxH0zGgE1IVTjgFuIl2jEBHmSy9nAMDuOaK6Z67F4="}},"IySr5dpv9E8lGzk+75Fp/olzZk8ZxII+7MeTbuaPFbQ=":{"valueMac":{"type":"Buffer","data":"vlxCoLj/NvxSdReKp9aG9SLEjJAVmizmck/g/f8yhTM="}},"MQceS7beO6/sik4DIYV+YV7f21UoWxz6T/gddLJAvMI=":{"valueMac":{"type":"Buffer","data":"grZzEhaCSpU/gal/E3LSo5LWxR2ORMZUTNfVF0An+7U="}},"MUr80P1J8PPdmkFijAf3yNb21tOHIlLtV9AfarDyaEc=":{"valueMac":{"type":"Buffer","data":"WcwZQ69XypEDyTD853g0KNI9hgHoSd8ujJpUK7Mk/zU="}},"Ps3jZlsfHYQGNgAdMpU159vHie/Bkj8mPH/zTaj+67I=":{"valueMac":{"type":"Buffer","data":"n0F+ENd6NfbSKvXB23N25dvBz7VBmHGtJls2YdYt7q4="}},"QWrJ1bTINI1qksre/dSl3IfwZhT9r80I5HyAznwne4o=":{"valueMac":{"type":"Buffer","data":"27/Idox23Q7FEstYVpH80EcvTC3DLzr6HMwEz/fq2Kg="}},"Q7SG8V/uYZkOKvMV+s9VVAXRsDFhwaa1hUX9kkLynj4=":{"valueMac":{"type":"Buffer","data":"9noGhcZmqFAeg8RGzm5oQMlc/Bx5q2ODLDqxTzEEwbM="}},"SIpyU+OFqjvdjlqHqxC+JxWLTU0DD2/gPXugJ8T5IZE=":{"valueMac":{"type":"Buffer","data":"oQsXYP8kZBUimesQSUC5WCUpFmgNQ8Oj1cmEAxx2cBo="}},"SllcTjBjuu3ojgjiEOcFbaf5uhEaGf391sMyxP4jV6g=":{"valueMac":{"type":"Buffer","data":"LefRPzMM4lR2D1CGem8OGjdrp4ZWKoCHKa3nqhVjfDo="}},"VDlIgAZVrgWRVF2lDpEwISseezOB608teksLoq2P38M=":{"valueMac":{"type":"Buffer","data":"CUYYhpNZAh4Ri+PSEXLilsfylKEh4WJHOPIlkWK693U="}},"VwXJs+YUlN/PF8nCWc/ZkZZpqqQZq2z3d4ssVwfXk6U=":{"valueMac":{"type":"Buffer","data":"eN5zG7PBgYyJouThUbGvKpJLhIl+wuMk+apcq9G1vI8="}},"YDD0ly4fiY7l4obBwkLlG3r5xOiYWO/ByXeE8umQ2M8=":{"valueMac":{"type":"Buffer","data":"R+RgRdBcnJTHXd4MEpX+H4bUpwrOXnETQrA16Xd+I4M="}},"ZdhzXTrRQMQSuWa8qqJjTRRz6Sy+gC4YT5vdczCIiwQ=":{"valueMac":{"type":"Buffer","data":"Odh9sr+33P8jtkVPMPAQbJ8zAEcVPepA6wFdqgDkS/M="}},"ZfUBzoXOALNDKntjodKqlXywxCLfvh53CLm9BqEV+iQ=":{"valueMac":{"type":"Buffer","data":"zG1EHWqGjLA09hVGNtUEmTnmcyjGm1RjD3MSL/o6DLw="}},"Z9LJPGLRlobo5vMkOvckeB1g4TiEWfxFzBAvS+3o6Vk=":{"valueMac":{"type":"Buffer","data":"03H5WHlue1/ATGyv0e7G+tNEe2IzdiJf8dSDcO6bnH8="}},"a0j7yTS9HkH6BveqJxzU9Tb8VQvMeSap0YlTieycK3I=":{"valueMac":{"type":"Buffer","data":"DKkNx8zmRvlUB2HFnDICvwpIALj1jGuCEJWyyvto6Ws="}},"bhrP3EddCq+EceE0UXrKDAaG33Ypwc0yZDlT/uxGAs8=":{"valueMac":{"type":"Buffer","data":"yt6MA8AkSl3KqsvUqYieC7BJzIEz0zts0/xHrP75sNk="}},"bqM3W4KdQ4Up/L18fEH+1qbij+OzgaxNwulS6RHX33o=":{"valueMac":{"type":"Buffer","data":"3Dof6Tv4Tz3hmbihaeXJxkxJGjMRTCGiiBguhnDgtCc="}},"cG5cU779H5Fv8GlteckipXT7Mn/aef1PflP2mJvB9Lo=":{"valueMac":{"type":"Buffer","data":"iq0wz285VMxSsRKq5gQnNqrwVjDJZTUJ+UVPZWPDx9Y="}},"cm/rQhYbU04gGBOT0rG1ksyrQ0WWaHLxCjGLwUqwdwk=":{"valueMac":{"type":"Buffer","data":"3wi1oklOuv/BjDGJQJHn1eNhAn/3dxk9kccOe+AF+bc="}},"cttdYsx6B4STAknrT8Y36et8h107NQkQo/KoMKROSuY=":{"valueMac":{"type":"Buffer","data":"qbcZCbYzH1LRqKWTqkAedZ6yX8kHN9sLBFr/JxlwK5g="}},"dGz3Un9BnfKZTvLZPDcdUlQwJj7gN5XeMyHzzUjTOFw=":{"valueMac":{"type":"Buffer","data":"ciVfEVxuNsZcF8o65wSYFvA7aEpYa6qXLzbjPqja82g="}},"dVVrCAZK7LwZKhy14PIhQ0OGtKmC8m771Fmr6U9tWgE=":{"valueMac":{"type":"Buffer","data":"nEpUQ7sbwnE1reZPxifVGMuWhyRPYCymokHmzuFNSjc="}},"daP9okxQkw/0dq+L1lOiqL2NaLCXlom2k3PmuwhiS/Y=":{"valueMac":{"type":"Buffer","data":"Ftvttop4+zHISN9QtPScAN+BnnOKCO1eXAISjz1zzEU="}},"doKoEQWOEVW9Mc6gRzJkS5F2KBc3kWDWOgjtZwG3IUc=":{"valueMac":{"type":"Buffer","data":"1slFyZe5di7JnY/SDR73tY9cEQo95ysx7JOgRCHgsqA="}},"d+Qd+sQ7xEV2BsLYmPfZAA1BvhHp7KUrSVl78b+RYp0=":{"valueMac":{"type":"Buffer","data":"9NWSS5705r7XHpVacYcHO9k3vL/b30cTFmZymHFm+nw="}},"ffYRjfDGhPTPgbXjBy1YzPY6WF6ZNrIFxSuEwTUgbm0=":{"valueMac":{"type":"Buffer","data":"21F3NtYoRM8c0w7jPOC/73RCRw5hBTMaOduLzsrfT7g="}},"gDujsoeGdBkDFDSF2gHxK9QueAPYm6XMCooosbaGbXk=":{"valueMac":{"type":"Buffer","data":"4467GpkbkXEdeiBWCOIM/EnMrABU+uoidkdc39axOXo="}},"gSTCwpNCJ9c8EF/az+yfH+/WlS8+XNm9C+TfEF1aNps=":{"valueMac":{"type":"Buffer","data":"ocFI+1llv6sUnNoyDdmaxrEFEoF+qlwLhIElz3AE3NQ="}},"hFSFk3lbeDu5UtxSjAAX933SFToh0eIlijltmQU6Cno=":{"valueMac":{"type":"Buffer","data":"jThRfvUj5umlB9WfBzcFGlMAWvxrMZfztCxwGlNtBa8="}},"h1JXbD2jHVC3sFeO51gtXEirBHcTJkkCR/siPLq3W7w=":{"valueMac":{"type":"Buffer","data":"16DvlLj08eYJM2aCAAZpBSRuZZ2uNOv8iu6wZZBwlOA="}},"h9M0N1vU+OANthITVY6ON5VBeopXwn4ttBvLCj3i1S4=":{"valueMac":{"type":"Buffer","data":"BCMlWqWCgFA78baoOo7oiN5oLHPukMZQHfjwBk/AfDs="}},"jBUl9eJmOjp72yw4I+lru6hoUBss1AAaUN9l9CEO2as=":{"valueMac":{"type":"Buffer","data":"7KAdxXF7s+Q5vt+HsMwGoc6lDC6JhPQ46jbQjXANDog="}},"kRj2Cr05N7ELr2EJ9u7qvb2vd62PPJKo/+uXIOPb9ac=":{"valueMac":{"type":"Buffer","data":"jm/1h0dOSDzF0KALo5X2uTxq5wWGHbns1u+S53MYdfk="}},"opRTSFsKuPakZmOqKRpo6p3fT6oz3NY4Lu3PDcJLCmw=":{"valueMac":{"type":"Buffer","data":"H1Rf4Qb0b8j4egoFAsFEIpdBFrYJ4iZNXzEJz58qtSY="}},"sDPW6XH/gfcbd/LrECmodQ+c2L83hoYKZcglEN67yD4=":{"valueMac":{"type":"Buffer","data":"vs1WBtWyJDaIdk6L8r3lAmeckSf7MD1BzxjgLV6PMKs="}},"sejz/y/JgcyoYvho8A/ZBpuNDFozuMnrtGmdyriFHZA=":{"valueMac":{"type":"Buffer","data":"PVGRgNRDgGC1Bvz37hhZXSgoyy01Nrnt7G3zPWsyok8="}},"tqTUB9xQwNXe4T7nOli5jNqPUPVN2ffTRDuz3iPBK08=":{"valueMac":{"type":"Buffer","data":"lFwDmIKqypudB6mJ7d6uRyZysOJMqhwquU43VlBP4h4="}},"uKPDCpgvpoHXVI0fg0ylE80eEri247UHrgmkmuVg6n0=":{"valueMac":{"type":"Buffer","data":"AVfjOBs7RgHdHOwSZXj9PaxFJbeRtNnvZiRuf1BtyJ0="}},"vgTjTGM6xnbzO/ciZVBrTwSmkNHRxMCIsUmwvn99HCg=":{"valueMac":{"type":"Buffer","data":"gsSSKjehFu5O+vG8lCPk/0Ia/lOnApXFQz8tDnMNJtw="}},"vlC0THAkJ4m/F9x6O2wH7CUiGvzWcvSa9LippdQCneM=":{"valueMac":{"type":"Buffer","data":"tBYXtDixEf38NdbdQjZdAL9GjIRMSN5uy0iDGpbYJSo="}},"xD/prbJxTR9tA9MKxgMal3GnRmjl0iM/atrv5yboexw=":{"valueMac":{"type":"Buffer","data":"vibc+vZofufo+D2n2rVPYgaDfRFkXCjqizBpCfTBasY="}},"xObiJ3by12eMICVxdPlUrDnZyC8PWpVdD8qPlZWjK/8=":{"valueMac":{"type":"Buffer","data":"gjdOsfd5m8qPgLA88HNS3DymWXOPUYUJbr/DLwrQTaU="}},"xWumlSh93NS2z5o+P4A24JDNXSK27DQ4uOgq2EM45nI=":{"valueMac":{"type":"Buffer","data":"RVQSOZfYJq4aq1hxJuVIe28OIOVEwQnOizMoOa0+JFk="}},"yY4bYI/igxmoYxHe03HNaDEFn2JgZewXApGYTWN15uA=":{"valueMac":{"type":"Buffer","data":"UPeTmFkXu741AhJEmExBWQv/STyB7vM5yjaDCirT2Ec="}},"zM1tkUHq0PEr6pXtau0BCcOdRkAqSLlZa/EpfdiinR4=":{"valueMac":{"type":"Buffer","data":"AqQNNpRzhxL5zTCb2Qm5jpbHtybva0nDfiOLDpmRxQI="}},"zOJnuOZVCxka+lekaorlUyRzyHyFy0xGSbn3emxr7RQ=":{"valueMac":{"type":"Buffer","data":"2AOwBYRZVW5LBLZAY8cROWF4ObJe7EIBHKWeycw0o6I="}},"zP34K915+da2hxr+KOKyIBczX/rJA33oCBE4JnjfmBQ=":{"valueMac":{"type":"Buffer","data":"+33KevKaqB05OyPZj+wiQ8UJDliV7lBN1PTwLZYrTg4="}},"0n7Z21si2LheUY5FzAtHXN4sYf0HHoKsNYXOIuNE/Tk=":{"valueMac":{"type":"Buffer","data":"21Ib+kbqQNM9foLC+SWjsT1HEQUtcSPcOTsI9oyGvrI="}},"0w4qq6LTkF6bY/s/PYqtHc5MTssgnGXNH1ZmlxeDGPs=":{"valueMac":{"type":"Buffer","data":"02wpkwFObjUM6by8lKQAh9rT8CCRb03vK7U4w1nqSko="}},"1Qo4cmqIUQYTuRb2bkMOgt7ALJmwMmDMqukjAuo/Y8M=":{"valueMac":{"type":"Buffer","data":"neUDIEQ2FzsKT3ycXLYhmzNUQn6Gt3yZk6DHe8OolgY="}},"13KOF2kQWkKkx3VJkIGoJCnOqLhnRfXBL3K4vRfb8XM=":{"valueMac":{"type":"Buffer","data":"2vOk5TxY5FdwBUALoULwqTxEHtkQYLPcAY40cheLoI0="}},"16KyEhOLoIOKdGo+BMq+7xAeIlDUeq83xsNEn2/1teQ=":{"valueMac":{"type":"Buffer","data":"eLbPN/4zQqilLfpsHemN1vrUK9T3/bMND+/HrIed0P0="}},"2QhOir3JHm4WyldUkSfJ33MS55l6DFbQrqQC5LQTYDA=":{"valueMac":{"type":"Buffer","data":"AzwF5JgncB0FAoQgPprGGBHaeAgWOssj1XZ1lKurL2g="}},"2VGvZK4eFc/GOqzkKY71h7++1M/2vN8XDJg+v4lrQq0=":{"valueMac":{"type":"Buffer","data":"TSUzy4xkoQbbmej0M27bG4+z9fySiDy/Qq/cTY6CvN4="}},"3SJXUfnFlzgu+zjhdMKLmMQAY0EIo0wbef/18/Zsc+Q=":{"valueMac":{"type":"Buffer","data":"qTnBEJof5WfZwnpgsGeBJNsHJlDPzev3bd9TOH7nJmA="}},"3X2c+MxMN+c1bi965MYuWTfNAnbVcmP9tSwa7I07qGs=":{"valueMac":{"type":"Buffer","data":"L7ihRVj6ROC2S5bf/2/GfUvnHRzIZZLU3hMrg3n864g="}},"3xLM/k0DY1VD4aUTyOvnuVISX0ntN4SNqS+eBHXGPGg=":{"valueMac":{"type":"Buffer","data":"aiT5Y9kFULbL+zkj/+OvzAAs/UvP2m9iSYUoIWRsmJw="}},"3zZlt7TYXnafQlIu+EY1xB04RzTrXI7txCtP7DI0Nfw=":{"valueMac":{"type":"Buffer","data":"ZmeQH2xsPt4wcVUhE1QIfZzGWjt58aGh956DfDh6+dA="}},"35egQRJXVeuo5/fQCtN0G6eFW3Mlq19vBdW5tOdx8BQ=":{"valueMac":{"type":"Buffer","data":"RnRxoHo4bPu9NZjTIQ0h4vPBCAbsjs78/sglVEDGj6A="}},"4RKshZPZ9gzjfE7PKOSAfe4AiR3XLc/hknSX9wxJ0dI=":{"valueMac":{"type":"Buffer","data":"H1KqqLYr9Y6hrF+99uvDVB2QUzBoxt2CoaGa4K/PYlk="}},"4yAsxjNBNe7RgT91ZVp2OL7X+wLnU6Os6PGa+lnMmBc=":{"valueMac":{"type":"Buffer","data":"m78c3I3vSeZP4klN+bDlugg/QduPAc95w7m14T6xZ2s="}},"6KrXIm+ZtKomfyoxqxhZxEHnNhXI9H9zKEEK8S+8e6A=":{"valueMac":{"type":"Buffer","data":"vPxXUONkVh/m6AsCTyor05WRk9gwjFj5GYknaErJBJI="}},"68RCBOqaz6emgNJsOy0CRdHBcy2Gn+9n34xkNKGxE1g=":{"valueMac":{"type":"Buffer","data":"pTEjGKWCdLODlSUVBleAkCBYhWXijGMVngPtgk/mB+Q="}},"7CGI8Hk0GdUs3nu2hCUIQsXqrIKTOfZmgmL9Xbpw2gk=":{"valueMac":{"type":"Buffer","data":"pkSG66uQrBuIc8neLeRTjcVHRmAm/Tb6TwhcCtNEho4="}},"7T/aUPtaLBbYCAfqBCkmwPdJi5rj5xZgv+AYFwb0ns8=":{"valueMac":{"type":"Buffer","data":"e94b+TGq331QIUhSx7S+BvTP6gHaNgcNV0UOUdxqYlc="}},"8PpPjq4b83sOIkAKOU0aWd/KKEw3pHFw+930G6sEe5M=":{"valueMac":{"type":"Buffer","data":"L3RbZJip5PGuRYl6Upuh0gwANIgAOjUQQrvhTAXcjPY="}},"8lk95bGb/Uz+55KnL+YgrXFd4OLP0bUzMUs7oeF8er4=":{"valueMac":{"type":"Buffer","data":"DY9WgnONA2QXPFVuOQv8UOvtBvld8WuIMusTkH/y6rg="}},"8wkFjPOFOPHk6PG4CB+PVv2DEDyPjtpZkXytenQpQoE=":{"valueMac":{"type":"Buffer","data":"YMJ+GC6txcp6RiLZSLFBHcCPtKichZ8sRbBlMmTkAMU="}},"9QhdazMFAN3uYqlDjIJm6Otyp0sNwKX+zzBkGL1vTB0=":{"valueMac":{"type":"Buffer","data":"DwEY2ROUULgamSKkzSCgZEGBjT3decvP/YoPYESAXG8="}},"96K2Rkn1qidDlKgDsTXziSlz7f/X3S/v4/ZIg7/V238=":{"valueMac":{"type":"Buffer","data":"RLW9KuUNfL6pfGSajVFBPszls6MhoVD+it71suHr15I="}},"98qGqtWdCmoZOx8iYtfM6kMkazCj5V4T7nUUkoJqw/I=":{"valueMac":{"type":"Buffer","data":"Zn+PQf8qsm65n4U4b2iHUK+cNjq9POGPgQx/j7+Hors="}},"+rdXN6RmZhLaTYt+5ZgLa1aKSqZ/OVThzHjMhKJm+yE=":{"valueMac":{"type":"Buffer","data":"x7mV2yXZpnEOpsDzrX3lyNtbYxAN7fP/Bx+JBpOl6e4="}},"/r0R7dXCRYuijJ2TzYw3cNs66i7lM64vQM5X/57p8TU=":{"valueMac":{"type":"Buffer","data":"zNco8G6LIiZODEvlxmgJc0S6ii5uXgNP2I6OQveYh3A="}},"/v913iNt/+fpZxMNdfwUaFUsZjna+h2shkM6VP6IDOI=":{"valueMac":{"type":"Buffer","data":"gxtx2WaurAPzdZLg+fAqfqyuJGKfWgzyKl0CeFwPkYs="}},"/73b3L5EHoKxU8+SGrkWieQFVpdRXRhfh0PRaRDNngc=":{"valueMac":{"type":"Buffer","data":"SImivA/bn2Efj68y5jFamBPQ/EcTKiMdtxmF4LsJ3lk="}},"/8gJl287046NyY72qbNjvGX7g+qcnnozxC22E1zEKuI=":{"valueMac":{"type":"Buffer","data":"ZFdaik7nAKVrSWCIiv2OFPuJTR7odh0Dny5/Bca42Uk="}},"tRypfImVVh8aXdmNCcsF3GFM75qRdXTOBvwvcZWMvg8=":{"valueMac":{"type":"Buffer","data":"hnRNiABW1cyCdzJ/ScfGOY1j1fupe3zV1kQxw37rokE="}},"R26/ULI7zpp5+Qb7RTxl2++bMHJYC2LjaJ6MOii7+jU=":{"valueMac":{"type":"Buffer","data":"Ox8nefyHXbaxbiAMLed0VSmEjs8Iqnr6oHGMZqPVod4="}},"XLvahr0/hyfh0q7E/5zVesavOImb4YD+CGIgeWC1L/E=":{"valueMac":{"type":"Buffer","data":"msOVOb2iw2+VscBUw9lPm8vtMp7Ew76b3HxIWG40Pbc="}},"K5FP2yrfepek61G3D8K0yuu5EEF+lpHGi1YRtxHHdEc=":{"valueMac":{"type":"Buffer","data":"LPsfG3fii4nHrySdDe1soW5+Td02VXm9dzJJuZ7n7cA="}},"eXP1VkMIwGXRROMjdgubCPN4zfXxZL5wpcnA79Ai6iw=":{"valueMac":{"type":"Buffer","data":"Z94fReCguF1Sd6eAHNWZ/g4a0G80QNS5aMAt3UvwYQE="}}}}