{"version":19,"hash":{"type":"Buffer","data":"XimfRQVc3cZs6JxB6rMNNgvF/UY+2VZmUvVzsKYtW+dqC96zXuinjMNCsFj+zMUcWx5FKx+jzeFyyhaO43MqQKYS1N2WaqPcyiQXdauCdmc6isDzd07qweuEiFIaAJbJXoVHzhCUMDdzq8r+RYT5wkOTvxuflozyTqMBfT4yOhM="},"indexValueMap":{"AVq6dLed4iIfNGqaOUhq87xIsz+3wl5V8pIW3lyzbfo=":{"valueMac":{"type":"Buffer","data":"NuZeP9XtiLyo0BILUQC54RbxGh/QAwll3SE1dSEGuTs="}},"A42n2RE/Np2jY8bLnAxrzf0mXivW6fYTYaOCnxj+dvo=":{"valueMac":{"type":"Buffer","data":"NwzFRM84a49HEtIRL2g2zhDdCxf/7Gv9Qo1v9+wwSSg="}},"DJYuPUHIYNWz+VXZ7Vg1ml3u5qEO46FzVaPVVwsN7NA=":{"valueMac":{"type":"Buffer","data":"f6RTSdj9gtmgfoB11cwG7C6TO6RisYBUIQUqbCR4a84="}},"ENpkHSPlNdgtOQJAAJSZparEu6lk1HWt1tZ0vOqUmaE=":{"valueMac":{"type":"Buffer","data":"0EVYG5rDDWvt8L9OmQZzvAvnefUL1sRbXAdnle5VrY0="}},"F49Tl/tbkjKU4Lcsav7IW2UPecaXzTvcQh7bY0Egs64=":{"valueMac":{"type":"Buffer","data":"lOzROPuu/ZGSUFt29zgHsdM50tPi+1nEXQO2D8WzoHU="}},"HOBhRaAJZgH23wvtG6VPUjYpWuhXq5KiIYgtMUEFaSk=":{"valueMac":{"type":"Buffer","data":"g05zLQ4oWcWSotb1+aOXbvV5RVTK3bvMBLJjT3DBYU4="}},"HajkNo293mXxFfdyTo6Qiqrq3AdMNagziSOOSbgl4qI=":{"valueMac":{"type":"Buffer","data":"jsMuA2/0ZRWBHJyVAESEftg8hpcq+DtQBQh/t/sZLoA="}},"HgWLDzT0BhMiL0Nh4dXE240RPwMuoSpgC1lucN3TJ/I=":{"valueMac":{"type":"Buffer","data":"1BCMrTI3UTSR5Rb8GKz0lPrODoDhpGz8Ig84+Fnmtqs="}},"H81wknalp0E6iyelgASxPRLABV052xDc2BMLO5/LFdo=":{"valueMac":{"type":"Buffer","data":"qo8T0UZGGEutL3Gv0/uJUCZgsDSlUBxIBfprUHDjThw="}},"IPmCquxOFM4bZWvv9k+fmPMpKzG91Uc3eGVrF5l70NI=":{"valueMac":{"type":"Buffer","data":"3IEkM53sWXMVwa8XUv9FQLh2tsnQfCFsGu3eAny3qmI="}},"ITu5PJOdHGKdr1ZcEQCzOfd532AoeoRXGxtWrpOCTiA=":{"valueMac":{"type":"Buffer","data":"OSFH8mfBF60LTnNtCW0zTKC/WidmKaCwPZFbqVRvAWg="}},"Iu4khH4b9lcsEqAZFMbYSewiwoiESq0W35rRxH3uV4k=":{"valueMac":{"type":"Buffer","data":"mjs2lbW+3yjRykU/yn/UG9VMeOVpzqMwgJ4KKmai9JE="}},"KGszVFfZYfsgyl99Hxzw+uBTsSbKPPe5TPnpmrQVTa0=":{"valueMac":{"type":"Buffer","data":"xSe8oYPRSLVXUcfThKYGqpvlSQ8l6Dt6kT3vLdjwh0A="}},"KgG6QhHXS8GIVQKhSqwiSmnG7vmajFcLGElJyUBHS2Y=":{"valueMac":{"type":"Buffer","data":"7Te4cy8syt9/UEx/vDE0Izpnbtss77KxcYdOZaH1e1E="}},"KzTGL0osIgpECB38pz4Wuu45rd9uox5djI3zmIveDlY=":{"valueMac":{"type":"Buffer","data":"KG1kc+iKvRr8gdU+xKCprRHCQ5SIOf67rwXhdsB9zjk="}},"LPK64O8xM/avj7z0X6oAm6kL8mhtnTEWzA42F7+Mulc=":{"valueMac":{"type":"Buffer","data":"bqc0206y3IJ3MdCoxSpLmfLVIaV3Ps9qL/oK84QHau0="}},"MGBq8Jud39PXku5j0WXm9AmqMSm6eqLjK7KYW5lWSPE=":{"valueMac":{"type":"Buffer","data":"i8FKWd8FA4F29QH+JJu83l0oox6YL5jxkuyFsOQ9/vQ="}},"Mzo5O8FWQcFY/cBwD73+S3XdUzmXYwqUK6ykR8iMr5A=":{"valueMac":{"type":"Buffer","data":"0Em40bh+3mhY5klvsicWieLWREN04uHQpwjSmvy7w6Q="}},"N2071+2nuXENHFFCO+sKqppaFpztE8EUOGQddiOsXzU=":{"valueMac":{"type":"Buffer","data":"8kfu7Xqrow54go8mDpGIYG/qNRfmC3NVEolRnBJowlQ="}},"OfxxMyr6YepLlruuV0gBQ10DiJ3Ax3iRvL9bn/EJSc0=":{"valueMac":{"type":"Buffer","data":"u9WSf2WLn/iGZb5menRyCKG8rfj+aXhMXALTSX4oYTQ="}},"OqWd1rRFJ4JRSHtxUdZzzcDACK7fsddr/RWQwYoujU8=":{"valueMac":{"type":"Buffer","data":"LNmt4JU3vKFfdKrqN7qCHnqgJR7EOxFuMMi4ZIKQopE="}},"PJas4kQJWDMp14a+LIBTUg7AQFpgeSHof/81cSDj9oM=":{"valueMac":{"type":"Buffer","data":"/984XRJW4wMJ+EeehS8rSxwQHdtvk+oMiq5IsS9aFWs="}},"Pr7GV9725epOacW89RHVGsufzD+G0Qp8HLmNe93ll8g=":{"valueMac":{"type":"Buffer","data":"oTNBkJHQnw/MpAUbjmliujq7Dp6HPimKAonXNI2jXhE="}},"Pug44UtFIL5l1KRGHGdkMISrYqV1t12JhE3v6f+3yAA=":{"valueMac":{"type":"Buffer","data":"/KzH/o+YjVQOifJex+DNkk/LGR8hGi1wzBOWW17UITs="}},"Qw8ncwctkNDV+Bbdlvb4vaPcBpL4JOLNNhqNXDaBZfA=":{"valueMac":{"type":"Buffer","data":"GfOTAMKegorHFhl0dzLgGI5OVJIzcEA4U9YIPXuvp8g="}},"Rbl8jNKfxy8j/iMZXIOQysbblWUM2BOgvhXql3yBIzU=":{"valueMac":{"type":"Buffer","data":"uwCOMp1LBluOTgQzZLRKiNFUysD3z1gB9BZf8v57rIc="}},"R94eZCMC8r2TenS3AlThCfiJMfusmjTkC45Xtn84HQI=":{"valueMac":{"type":"Buffer","data":"IFJXVWOkG+/mMTm6nRbn2qYXDkBuLeUFs1L6ZUwmotI="}},"S2sH1j3X+cCCrPO/28Nz7zzz1Mi8ismZY8/tfXjGv0c=":{"valueMac":{"type":"Buffer","data":"DsN+b8iz6i3thPdh44fUwf474ujBYGMwaiF2DbdOwH0="}},"VYYnCsmKu8Af7dvjlkZ04cgK6B2wrg12b0wKdhE9SRc=":{"valueMac":{"type":"Buffer","data":"7uMXDj0rsw+cmaIVmu/ot5zPvFog+Rl10Ce/NJyi43s="}},"VoxVn0n68WYLdfklVBgYGajdKtBN+gfk4R6DhmcmIys=":{"valueMac":{"type":"Buffer","data":"p6pJqvIS0KHvChIe2pg9q8tSz9y2Y9pOtzziYE0HVlc="}},"V23p9HL5AfSlbWrwtgoBVLKfvNGuEmUJS9KfhF4x46s=":{"valueMac":{"type":"Buffer","data":"E1iVUUko18EM5htgKrafdVdKP0aNqFdz8tJStvP5S6s="}},"WYAzc3PMyHt3poHw2eoHf3osaguJFTcjJHkwCFjptYU=":{"valueMac":{"type":"Buffer","data":"cdDPxpMERBgh4SVLIqUuomrcxQ91ocdJIfcDP2O1S6s="}},"XNCYLNKqh6Wpp59X23emAx+YRLDNfL2qCSvUPozdpUk=":{"valueMac":{"type":"Buffer","data":"zZXt8qSvjShH20+N47XeHX2FsgDayN0JZCFsvIvai0k="}},"YA0IBAqnY/GvAcXaiICLSn+x1mL+0Wu0SuozrrbHDz0=":{"valueMac":{"type":"Buffer","data":"7KUVmKHoySxOrW2RlHdHWDLIURzISTU8kA/ju7MRWHk="}},"YSnDxG+PeCUSeJCzDslY+biMnDhZsbjYLiNaJgkn6Hg=":{"valueMac":{"type":"Buffer","data":"mpZ+umHWwaWaD/ZLV8MFApAj+m0qubozIAbm1l73RXM="}},"YS7R2HnkH0zRwIyXQYJ1LmlDQZ59Qehxcij+V0hiqtM=":{"valueMac":{"type":"Buffer","data":"AR8BvP9bOV2QNA6+bqgtmbRwBGjgYDk1oVIwDRJT0Rs="}},"ZiJSca59qDaM+0qvtew3aK93GQFtTpOgiL+Ng1yb5Tk=":{"valueMac":{"type":"Buffer","data":"gsOSU2ekh6lwCalKnxOlLJOj4xz0ThGJsazh31A0muM="}},"ZnNKYg3FrQNrEsqmJf9I/wPEesawZLjimYvAEjoSCQo=":{"valueMac":{"type":"Buffer","data":"wkSrI1Dz8yyxW2guHgQ9vsQRnsia85uosQURhRneG1M="}},"bqLMY7f0aJi7MU6OIWY5Dg95kVIg53jSHK+SVCUptoc=":{"valueMac":{"type":"Buffer","data":"cGJ7H+3tyYEDWKEHj9ZtnsPawU7zKVwA95XJsLEJQrA="}},"dO80IyMqlCYUnV74ghAvXtvKWYijeeS22Ph98eZYP+M=":{"valueMac":{"type":"Buffer","data":"G+J+SXW4P7Q7xyzIW9NimdcFtyXGgP5dglZAQD3VYEE="}},"eKOeBJ3txupvVGmY07wKASECZIarWJcF/IbdwcLJVYU=":{"valueMac":{"type":"Buffer","data":"P3W7KkkVp5HZLCtEbR8iRam3TmhLEm41zQkTQjvUoLA="}},"ecwSWq4ugXPXeNr7rhjYCg8wOHGhWeOW+RWlV/oJZ64=":{"valueMac":{"type":"Buffer","data":"WeE2ElxYV+sXgWgAdbTg+j+3AqQeUMz0ExJJLr3kLHs="}},"ezb0JnqUg8despz0WeXQXfhckG/pR4/eMnTVnh9sq0I=":{"valueMac":{"type":"Buffer","data":"/6KECm1MubLNERZGtPggz/mOYQZt+xAEb1j0Jcd0LWs="}},"ezvF4fON12yPI793shayOMj4mqHRGzHke28YRvRIwTI=":{"valueMac":{"type":"Buffer","data":"KfYFaXmIouUR26yP/cawxAZ7vb/k55pV+G646F8Irg0="}},"ff/OnOabYlSRlP4aVI2lntIFbAmXaagKHLNbpCj3Ayw=":{"valueMac":{"type":"Buffer","data":"aiGhUIuNdrodsgOjVupro0MM1yHsARNvw+xW4YHbUL0="}},"f5PZC5BEqf/0Gfl1Uu/9y20f2tIgbcKVds7waRfH4dE=":{"valueMac":{"type":"Buffer","data":"ydBOCF0aXlixMzoFr4L9ua0J6w67pQ8npeKrnaXDcTs="}},"gOAcTXJ6zUWs9CFJ+GFF5C9+sMRvw7hZTb0q4wPkCng=":{"valueMac":{"type":"Buffer","data":"kcL3fAWKWRaymKZ9djPOhVB2/pT0LXtyLmr2RQ45U5Y="}},"htkAnybjHZn2wcAwZFTj873i8dy91EmhmX6ZV0LGWGE=":{"valueMac":{"type":"Buffer","data":"vEuZTvMIksMqo0Q3qiWbl4azHZw9jOas56A9Yn2jSyU="}},"h4wciQdQpSeyh6GzBEIGWAGy3pTRPwYMifJbHLUFGC4=":{"valueMac":{"type":"Buffer","data":"0H46l7676MQXzl4dS3/el7g66xzapcuvCaJymktkGI4="}},"iw/jpPZIylQ4cPygJcnfvdaNGbRGpUvWMkYf5XBTDyU=":{"valueMac":{"type":"Buffer","data":"DORgl6ps533qwe/fRy03884nj/pRZqszx9y9Pekxm8U="}},"lPqpxRnrqKAyJ3x4aUQ2aCqIpB3ZyuYOaIkgDttLmJE=":{"valueMac":{"type":"Buffer","data":"86/cyPKYhB5DRj5EJqXXoi2tak/1241Z6Fg0xJCPP34="}},"lUlyl1Bm+myK/LojtR3ouYlCWNNzGjgLuVhzmB9m3JU=":{"valueMac":{"type":"Buffer","data":"mcwDylMdJ3lm6txaJwkGmV9AqN7NCbB0SFbP+gdPnC0="}},"l7+N+FUWdp/ePwBrGbCIhUrG1g0nYzUZrXOQ/CoyAes=":{"valueMac":{"type":"Buffer","data":"J5VGZy1RJyLc0TA6g988Ty5q3rttaBScD2Dpdh2FRsw="}},"oAJufqsNVG7nltlXADu4i83/Vkyv5BQUzLDpHh4MT3Q=":{"valueMac":{"type":"Buffer","data":"4iq8ixMMNtNxCSM+Z6mvLRmRbZ2EOVhFuYP6d6+MNPg="}},"o/CBfGB8eGPCu4ts2nP2G3XZLtQYKTTa7vls7aE8UjY=":{"valueMac":{"type":"Buffer","data":"4j7pj4xZOKLKJbMNlrXLOTwPDdQOxB9vJtwYvyvcB6g="}},"poG7W8slkAFpIU+MaHoLbBLW3JKG1He9+6sB1hwLHRw=":{"valueMac":{"type":"Buffer","data":"U7X+dNWG18NJW9a7a4P4ihzcSIIHgS4/w+9QfLaRwjE="}},"pvz2n6gl/nFSgRl0W1Pnh9XUxaFwXEIaLNvQHC+edsg=":{"valueMac":{"type":"Buffer","data":"peYVMael2ygAXmvJ+bIOSVzXhogVBAZx8M/dewU4tuM="}},"qWsthrh+quA0pPhzPJRRE4Uqc8Fz/1RRCTtQp8U7ZUg=":{"valueMac":{"type":"Buffer","data":"W3yANHIlcRO0VrpvciOS38Kk6hl/i5gsLS6+/U77cJk="}},"qgG5jF/C28xEyk3wCVK270h3on+WIf8Er3Fgfi6Iq5g=":{"valueMac":{"type":"Buffer","data":"Gr7LCa1nSL7YVkMDrvQfnDJ0pigOIt2XmkXfbCsThd4="}},"r7eIJNrChk/Tql6Lor5enNa9V+N6RqSW5PFgTCOcsik=":{"valueMac":{"type":"Buffer","data":"wEu+XSpR0T4W8yh5BMxVzvqjMRS63RdolqXCu3qQRJQ="}},"r86MeUwL8MhrJjco3Jg8ibQT1RTKmhfJvRfpkEocmEQ=":{"valueMac":{"type":"Buffer","data":"vkaoxiNijn01VHc3uRbiqQEbQc5YI2rukFqhS0x82sA="}},"sNNXRp7C8zsKwGtbf6S8U/81lPWYeaSZ2YkBn+74SaY=":{"valueMac":{"type":"Buffer","data":"X6OsnTImKJYCtzMPGrGm2SmfUJ9/w4zsG13QKPU2K6U="}},"ti3qSJ3g9+n54MyUHr/AA0FBuMis7VsxVz50ciYejyc=":{"valueMac":{"type":"Buffer","data":"SWzFKBgiPA3npXBbsUXoYhzlM6PSk8hmfloxIBKrJbo="}},"t6GhOJWFxV9Gb249c+pADV4CaIsge//zre5Vpob7cAU=":{"valueMac":{"type":"Buffer","data":"ANa6fsUnYGsE0+8Q90fhA5o0hSk17Zw3oVesLfyGupU="}},"vUE2XU4mXaErveYuoPcYj90HlD6H9dJ7RYluZbPQItU=":{"valueMac":{"type":"Buffer","data":"6WNYucv9AlMUBTEFwlGnH2jLvQ4xLMBIph3Y/wc6LVk="}},"vyhXd8GX+Zye4lgt8NOg4onXI18CfdRhpAgtuzC4ZFA=":{"valueMac":{"type":"Buffer","data":"dKD2L9dzj8BRW0//jz6Kjo9XGWdDGHjlTMC2PJDlqNw="}},"xL/nQhaueWw9hfoS4LeeG0hImzVvptpN8Rb/vs9C8ME=":{"valueMac":{"type":"Buffer","data":"a2eEJpUfMB6u4qWsHh5kUpy+Zzt/KpY7XUw+AeCnbM8="}},"xy2x1eTK0hqH5tyyUGwq6VTZQeDFTyUipDCrWRuT1m8=":{"valueMac":{"type":"Buffer","data":"3ZlkY2p2SeqFrCh2N06L+raueR3QPiPhzzisKa4yk9E="}},"yL9zzF6ndLvt7FFUdsP3GYHQrYWhyZh8a9mmFCz/4ng=":{"valueMac":{"type":"Buffer","data":"llZJpe+5AswWyyFUe33WDL96QmLB0/EP6Gfi+wP2RV4="}},"z9joWsm/Dmx9iacrWGmjduwbQViXEEuEsGE68vn5+dI=":{"valueMac":{"type":"Buffer","data":"/uhDNX3uh3TwWMfpc3XiIT0r1E/RLwTUwBwa0UzVyPs="}},"1EC+i0i/qSoSxqi02kRNwct4SGrKDKn5zhDlptdKnwE=":{"valueMac":{"type":"Buffer","data":"QlzKTNOtaa765W3mka5VDLW0ep6P5TmIU0USrAjzayA="}},"1xsAoDjAnS2o1b1mwlTj2yKpLpSp/kmyZNhJS0/tomU=":{"valueMac":{"type":"Buffer","data":"AqaVRnbjBtViAmjv/TKJJ2ILX9Qm7oLvY2a6kpKvzGY="}},"10YA2L7DkR+2d+Go2+zrul4z7T8d86ChugChp3oe0fw=":{"valueMac":{"type":"Buffer","data":"8aoBiMR1vu06TLlttTBC3oIMKRpq99VCZDQTW1ywbkE="}},"2a3Hjh3YOoq5xCbrUyWbN9epyA/1xT/33N9I8//am/Q=":{"valueMac":{"type":"Buffer","data":"qS+e78CZun7SibTP0uzk4lzAOgQ/GpgX3ueJ0SICi1M="}},"7aL6+3KPZdLWHxdX3T/o0vV3UXAEuayAg+kPjVgQAKg=":{"valueMac":{"type":"Buffer","data":"uR4uctUUpOiw7ome7RsHFelmQpYUF/OcyXMG0jcll+M="}},"9KQdO9KuRTjVRvmgt4sBXeog2wr033p7k21AojsiDdg=":{"valueMac":{"type":"Buffer","data":"JCen7mmyf8M7RPqfXBX95SMAQkjusuAcGZa3rzqqoFc="}},"+ZNqDBJVpviBlr7GuDgBhgrBo9duzJeBNfcpcz5gR6Y=":{"valueMac":{"type":"Buffer","data":"f1PfEhJkJa9YZ31TpEyU9fBEykg4xG3toPZGkNebPgQ="}},"+pQXoKezRbPF+UzvPMpOc5njMtCak27SKYek5jCKiTM=":{"valueMac":{"type":"Buffer","data":"wQapJhP/kg38i1wytcgAoTQotrDBLxwld33gBv4ju5g="}},"+2pMZD8bCmFPV5MpPIH7nxsYmLtxKx4YGxWUI6ZSVVQ=":{"valueMac":{"type":"Buffer","data":"Tm5OkC/qAUMJ3iPHFGJv1OyOfrelkwFIdKHuaUCKXUo="}},"p9u6mNMJhCKiqt0xP64paJPgmye5I6qcnt0ll6ifnbo=":{"valueMac":{"type":"Buffer","data":"1F5sSsueGFrHOG3jV7oA0O1SZQbC+1psehTCcqJ7ugw="}},"SYyp8APBfWN5+52+DKi3S1dqNfVbJpkuqEtj6GBBx+Q=":{"valueMac":{"type":"Buffer","data":"1/wKK7E+TYyX3ELqvhhIutx6Z0CFcY101gmjV2LgMys="}},"dVD5TsRAWbpY8iJUMh5OJS/S9fZvYo4yMe0JKsVgnBc=":{"valueMac":{"type":"Buffer","data":"vMH2/EjUi8LRdkvYiR/0VizLGGC6pY9V5RzhDT6CmDU="}}}}