{"noiseKey":{"private":{"type":"Buffer","data":"KF+Zs9gwEZHAM7nRpzXt7XQhkwwJfgHSq58RyVD9MVE="},"public":{"type":"Buffer","data":"kaxp7Oof3YtgK/X5BLpR+00WOP7XXED2Gi+TCaSQOQ0="}},"pairingEphemeralKeyPair":{"private":{"type":"Buffer","data":"qCLjjZJfjMaC2ogkwNNhR9DWjhlHq6Ni3jwbo+QEKHU="},"public":{"type":"Buffer","data":"kSuJ8Hh2t7thhIMBrdXCIvwB9W5Y7pBPo8b6OAH/XEs="}},"signedIdentityKey":{"private":{"type":"Buffer","data":"8PPNnghkb874RumCwIRO6xu0HROt/B2qVLe8WBU6vGU="},"public":{"type":"Buffer","data":"N1plvjsf9cSZCkXSlwlihLcmJNOW4hC3hLCHAHtO9lU="}},"signedPreKey":{"keyPair":{"private":{"type":"Buffer","data":"WCpZlbe55D2NEKQBOHpY2vAw/Z5NnynCgrkQ5VkcEEc="},"public":{"type":"Buffer","data":"8oNJu4qk+kcuvgTj7hs639JGbw421p8rG2CvGMIEuVE="}},"signature":{"type":"Buffer","data":"ChZ6kFTkQTFAZhMmu9hIAAbH7mO8M9JXLi1gv3heakURXRcvCBhDSSyYxV/uc8RiYS3gtOVjaGHQQJxiTM8njg=="},"keyId":1},"registrationId":75,"advSecretKey":"Oy4Tdz67KW67QuOiPUeeIFM+Kl0v1h1sa05Hz/bnhZU=","processedHistoryMessages":[{"key":{"remoteJid":"6283115331013@s.whatsapp.net","fromMe":true,"id":"CAC132076F5F0CE4465A398F8B3B9D2D"},"messageTimestamp":1704732269},{"key":{"remoteJid":"6283115331013@s.whatsapp.net","fromMe":true,"id":"ED24B61490AB0F230B5017648A586EF5"},"messageTimestamp":1704732270},{"key":{"remoteJid":"6283115331013@s.whatsapp.net","fromMe":true,"id":"319E6E6A5C8564931850C9D5B5830EFB"},"messageTimestamp":1704732275},{"key":{"remoteJid":"6283115331013@s.whatsapp.net","fromMe":true,"id":"895F4279DA41B0E4D04AE0388CAF0A42"},"messageTimestamp":1704732276}],"nextPreKeyId":63,"firstUnuploadedPreKeyId":63,"accountSyncCounter":1,"accountSettings":{"unarchiveChats":false},"deviceId":"KWtSqR3dR0OFckrgyB4iNw","phoneId":"b95fd2bc-83cf-49f6-9e0a-fe361ee16277","identityId":{"type":"Buffer","data":"sAP7RAmQzbW9mk67gxyiP+ZLV5A="},"registered":false,"backupToken":{"type":"Buffer","data":"33FeeKQzphPxJ/YUYvCDtJe97oI="},"registration":{},"account":{"details":"CJ31k+oEEObM8KwGGAI=","accountSignatureKey":"HLNXDgz+8vNG7T24m0XKhEWgeoPya1R1JP70c/cPvVk=","accountSignature":"9KCPaAE2815SXS+HwPxU4Bt1lypO9ca8nH1zbTHL3O3hjtvHL7ExYrWoED1ZSFnd7nGUDxcF6D28/ZUL2WSLAA==","deviceSignature":"zf/ZsSR2CXZ+yfgHZ6XuB2ijAqhvWOsoQG5sqK4wOwuzY6K1L0Mlo+MdcQWMXn7NUOs1V6gqnMZobTYKJBErgQ=="},"me":{"id":"6283115331013:4@s.whatsapp.net","name":"R"},"signalIdentities":[{"identifier":{"name":"6283115331013:4@s.whatsapp.net","deviceId":0},"identifierKey":{"type":"Buffer","data":"BRyzVw4M/vLzRu09uJtFyoRFoHqD8mtUdST+9HP3D71Z"}}],"platform":"android","lastAccountSyncTimestamp":1705547047,"myAppStateKeyId":"AAAAABj5"}