[{"senderKeyId":1108850872,"senderChainKey":{"iteration":17,"seed":"MdguRqP1n+6wK7cPspDm7on/KrkPR5szBIUQW88efcs="},"senderSigningKey":{"public":"BTpcMUuiiV2vBMnsVYAwA8JxZFzT9rKk5LHgDzkvfah6"},"senderMessageKeys":[]},{"senderKeyId":1108850872,"senderChainKey":{"iteration":15,"seed":"64M6G25IDkEIcx0yW+HlV6JCX/c6aGWwkFT17ectu/U="},"senderSigningKey":{"public":"BTpcMUuiiV2vBMnsVYAwA8JxZFzT9rKk5LHgDzkvfah6"},"senderMessageKeys":[]},{"senderKeyId":1108850872,"senderChainKey":{"iteration":16,"seed":"qDOZJPmiP8151ZNhKGgvKDQBmnyDAr5CmwdrTq8AMYw="},"senderSigningKey":{"public":"BTpcMUuiiV2vBMnsVYAwA8JxZFzT9rKk5LHgDzkvfah6"},"senderMessageKeys":[]}]