[{"senderKeyId":357211621,"senderChainKey":{"iteration":182,"seed":"kWj204j6eqen7NwO9ZDAW2pT8Kmdzd0doUsbksZQvpI="},"senderSigningKey":{"public":"BdziH7WilUTgCyizkqjTHWANS5WaFqUyFUZ/vkwai60k"},"senderMessageKeys":[]},{"senderKeyId":357211621,"senderChainKey":{"iteration":167,"seed":"o1Zyf2CnFlFoU1BhCf2b7ARv0O4opPCfe1OODX8f6uQ="},"senderSigningKey":{"public":"BdziH7WilUTgCyizkqjTHWANS5WaFqUyFUZ/vkwai60k"},"senderMessageKeys":[]},{"senderKeyId":1922331824,"senderChainKey":{"iteration":1,"seed":"4fk7ShtacJDjgsELUYNt6ZiemCDwugzE3hgmR9NdbVA="},"senderSigningKey":{"public":"BSaYS7jEP9gcVbI6rhV0L9PhIRZzUyfCLeFW963Sy35F"},"senderMessageKeys":[]},{"senderKeyId":1569410455,"senderChainKey":{"iteration":1,"seed":"2/0xP4gnvWFPFRHJ/rqX83DgVDFwD3uBzB3sv0bO5jk="},"senderSigningKey":{"public":"BR63kYXcgckYPbytrmp8+Dwh0rqw90oMzW3pD3AROtAZ"},"senderMessageKeys":[]},{"senderKeyId":1197595510,"senderChainKey":{"iteration":3,"seed":"7D7gT2yEp9k6nyra5aIzQDje6fw7xVGHlat3A0AT3Ec="},"senderSigningKey":{"public":"Ba0T+aa5on4B2azsZufTaJ0aisSOyqfkNAU1vDWo4O5g"},"senderMessageKeys":[]}]