[{"senderKeyId":372076566,"senderChainKey":{"iteration":4,"seed":"9wB4zSYHDbDNP9pMDtOjkBgH5Uv9ri/Jd8ljhQ8cb1w="},"senderSigningKey":{"public":"BUWO4G9ZEKK3uRqfHMrK0P3rRZoEFTOBZeFDk3kZSKsS"},"senderMessageKeys":[]},{"senderKeyId":858251368,"senderChainKey":{"iteration":1,"seed":"i4BV/VdcKu9deo1xQe25u4SDKuDgRVlYJJrVL3+1G90="},"senderSigningKey":{"public":"BSDaGSo0pkPsTII5yWFD1yJx1IHxTjjV0uhPMmD1jwo/"},"senderMessageKeys":[]},{"senderKeyId":327665744,"senderChainKey":{"iteration":2,"seed":"fUo727N+JKDVr8S0NFKSHE8WfAb4zR7zs6FZX/CgeC4="},"senderSigningKey":{"public":"BfOU4GqxbtJtab3ohsokPFtkgjwhJFAavstjB1OMRP0/"},"senderMessageKeys":[]}]