[{"senderKeyId":1350607615,"senderChainKey":{"iteration":1,"seed":"Y3V46AQ0Tm8zMY7emk4et0K2QNUO/Pj3Nh2q+r4M5Zg="},"senderSigningKey":{"public":"Bdc2qQyObhd58r5vyk1t+si/uJYziSzmecC6+CfnKaU5"},"senderMessageKeys":[]},{"senderKeyId":1849396680,"senderChainKey":{"iteration":3,"seed":"HHZdv+5nIV0Fns1RJm9SX0OOn6f0lSsEOac/Ozm9Bmg="},"senderSigningKey":{"public":"BYvV7br9O24KGeF+1gkKG3/KohdSGJXICQJSwcUjWXgp"},"senderMessageKeys":[]},{"senderKeyId":1128728140,"senderChainKey":{"iteration":1,"seed":"xLnb05ElwGfEQclk3ZZ7RHud+atJSjHipppHGLLzXps="},"senderSigningKey":{"public":"BXeKSKvfmgSlrFoUfxXYAou0GvF51B7Lg2vhGAB+GK8c"},"senderMessageKeys":[]}]