[{"senderKeyId":172080726,"senderChainKey":{"iteration":127,"seed":"IkuRXVMoXuky5ZEEYEYHEYVZyII1VGxFku2LomE2Z1o="},"senderSigningKey":{"public":"BacPVoVJBIud8WI13nIArrp7LEVuesv6HsBDp2tdNRcT"},"senderMessageKeys":[{},{},{},{},{},{},{},{},{},{},{},{},{},{},{},{},{},{},{},{},{},{},{},{},{},{},{},{},{},{},{},{},{},{},{},{},{},{},{},{},{}]},{"senderKeyId":172080726,"senderChainKey":{"iteration":85,"seed":"tHQtF4JnbxxrjRrb3Z8fCFj6I0HtYEFPMPwakJZKHh8="},"senderSigningKey":{"public":"BacPVoVJBIud8WI13nIArrp7LEVuesv6HsBDp2tdNRcT"},"senderMessageKeys":[]},{"senderKeyId":172080726,"senderChainKey":{"iteration":91,"seed":"qGuE6bjmH+6ABCidKlIcItjczaAuBeHFDQ/dblYhh14="},"senderSigningKey":{"public":"BacPVoVJBIud8WI13nIArrp7LEVuesv6HsBDp2tdNRcT"},"senderMessageKeys":[]},{"senderKeyId":172080726,"senderChainKey":{"iteration":111,"seed":"Zg4KjMIkLqecvO03mZ/6iTas8G2ljZcZOyOJS+aZu1w="},"senderSigningKey":{"public":"BacPVoVJBIud8WI13nIArrp7LEVuesv6HsBDp2tdNRcT"},"senderMessageKeys":[]},{"senderKeyId":172080726,"senderChainKey":{"iteration":113,"seed":"aTopyRtVXkghpnif7O1emaS/tFIMB2HlqrmCq533E/c="},"senderSigningKey":{"public":"BacPVoVJBIud8WI13nIArrp7LEVuesv6HsBDp2tdNRcT"},"senderMessageKeys":[]}]