{"_sessions":{"BVid8kc5OXXpTXE3MaL2TtIRaN6GB5IPewweMBbrWGpD":{"registrationId":460847316,"currentRatchet":{"ephemeralKeyPair":{"pubKey":"BccS0d9Ix5HLZM7gyfJZctXFPKwOfbdW5qO8Y6kpdKha","privKey":"yOnFodwEloMImiWL9L9cTYUdostXX7+GfTiBalZQIl0="},"lastRemoteEphemeralKey":"BT+U3u2h5LXzS2ahM5C8ZUW0W8nFmjN55oddaKjgQIVX","previousCounter":0,"rootKey":"XZNA7VGFX00+fYSaD2ZNcSUqjH1zXnSdkbFMjhWpt84="},"indexInfo":{"baseKey":"BVid8kc5OXXpTXE3MaL2TtIRaN6GB5IPewweMBbrWGpD","baseKeyType":1,"closed":-1,"used":1704732322693,"created":1704732322693,"remoteIdentityKey":"BYWaU0yOJdNx8/wlFRv3JJCX8orV1Xj0g3Y6YtyUTWlC"},"_chains":{"BccS0d9Ix5HLZM7gyfJZctXFPKwOfbdW5qO8Y6kpdKha":{"chainKey":{"counter":2,"key":"vCQroQ+krxqFOrQroflaE+3okJZ2k0RuhcBRLLkIFYU="},"chainType":1,"messageKeys":{}}},"pendingPreKey":{"signedKeyId":10,"baseKey":"BVid8kc5OXXpTXE3MaL2TtIRaN6GB5IPewweMBbrWGpD","preKeyId":11664151}}},"version":"v1"}