{"_sessions":{"BSCwcHNcBMnc37XenAmEbAMCb4GWiMjMI5eURxjXx5Is":{"registrationId":139680078,"currentRatchet":{"ephemeralKeyPair":{"pubKey":"BZaFKJ6Cj9TDSwEeGrq09dFAmBsIwLrz86YFX3AYmhQT","privKey":"cK6xFc7Unfxbyfm4IVnFezbIDDE5uMGKJyvHWzNRIkI="},"lastRemoteEphemeralKey":"BUlygwy6w/DSNQa+AFkuR23apTzXUWWO3Naxr+y/Zxgw","previousCounter":0,"rootKey":"nZ2ko2JETOyU99X3wnL8Cghhk1VcBer6wGXBo2mOgKI="},"indexInfo":{"baseKey":"BSCwcHNcBMnc37XenAmEbAMCb4GWiMjMI5eURxjXx5Is","baseKeyType":1,"closed":-1,"used":1704732322791,"created":1704732322791,"remoteIdentityKey":"BRph5ncM1IW7Yt12POo3gVqWVJa4AQrfCw2Yc9OjKaUt"},"_chains":{"BZaFKJ6Cj9TDSwEeGrq09dFAmBsIwLrz86YFX3AYmhQT":{"chainKey":{"counter":2,"key":"FtiqSD16UHzrI/hQyKbbIPn83c2ePIdNAtIDAYcxp14="},"chainType":1,"messageKeys":{}}},"pendingPreKey":{"signedKeyId":30,"baseKey":"BSCwcHNcBMnc37XenAmEbAMCb4GWiMjMI5eURxjXx5Is","preKeyId":1075798}}},"version":"v1"}