{"_sessions":{"BXWCWcKKBDLDRv4uWifOQXwVKjpAaYAO5i48WWFRPGlf":{"registrationId":635185946,"currentRatchet":{"ephemeralKeyPair":{"pubKey":"BTrpd1ZAoWZTdSJV1ELmcBmHDqLgKI3O3+qVAMTt/SRw","privKey":"gPhfG9hTJ3HYaPxzMx7DIFolxzIFHJmSlUZ0OzAu1Uk="},"lastRemoteEphemeralKey":"BWjAnOrZyCIDCiVcJuotCTnomKcPxr7dcnWoWRzMc4pT","previousCounter":0,"rootKey":"squ1F51Pn16vQ7KPAdBWRAIDzWrZUcGX6m1JHHDlCvc="},"indexInfo":{"baseKey":"BXWCWcKKBDLDRv4uWifOQXwVKjpAaYAO5i48WWFRPGlf","baseKeyType":1,"closed":-1,"used":1704732322436,"created":1704732322436,"remoteIdentityKey":"Bclpo12uZxP0tpViPzj8K1RsscOJKFjfKyU0pMCj0hUa"},"_chains":{"BTrpd1ZAoWZTdSJV1ELmcBmHDqLgKI3O3+qVAMTt/SRw":{"chainKey":{"counter":2,"key":"bBD9hiVKyi7WPcMeyIo9lr9niIKjLoML4NbtVQcp9HM="},"chainType":1,"messageKeys":{}}},"pendingPreKey":{"signedKeyId":3,"baseKey":"BXWCWcKKBDLDRv4uWifOQXwVKjpAaYAO5i48WWFRPGlf","preKeyId":9400404}}},"version":"v1"}