{"_sessions":{"BeYU59JsxwA+sd4MYiWjugEC+QE+s59lC9gxSAEwF3s2":{"registrationId":701939426,"currentRatchet":{"ephemeralKeyPair":{"pubKey":"BdPI+/vtQlN5LZRB+0SXPk8emS3nPm7ITazsaBc+FmhF","privKey":"aA3Ehu2pDU2iYiTFItKapaUiNw/cB5nThNv0JxF5AFI="},"lastRemoteEphemeralKey":"BaDi3DsX1AHz/RaKa/c0iKy2ZfxfY2anbnWLwnDb1wct","previousCounter":0,"rootKey":"0byD+Md36+El91Xq5VUaUjZtSVdRo1Y/e1n7vfNtAYY="},"indexInfo":{"baseKey":"BeYU59JsxwA+sd4MYiWjugEC+QE+s59lC9gxSAEwF3s2","baseKeyType":1,"closed":-1,"used":1704732322599,"created":1704732322599,"remoteIdentityKey":"BT0xWmUYK4jPHz8PsMDYpT9gk34l3GxlXGQ/PEsnMt0+"},"_chains":{"BdPI+/vtQlN5LZRB+0SXPk8emS3nPm7ITazsaBc+FmhF":{"chainKey":{"counter":2,"key":"YcTuXHSXqqpuzv6dV9KsT5YzLRVU0oFJPtiGOC7mLaM="},"chainType":1,"messageKeys":{}}},"pendingPreKey":{"signedKeyId":10,"baseKey":"BeYU59JsxwA+sd4MYiWjugEC+QE+s59lC9gxSAEwF3s2","preKeyId":7984599}}},"version":"v1"}