{"_sessions":{"BbG3JLIRfeWp/DqApDUSGx/9iQzkEs6vgfH2mVeBCZYt":{"registrationId":2066670747,"currentRatchet":{"ephemeralKeyPair":{"pubKey":"BQI3XBmMdiT641k0agDusVJ9tAHTHsvrsSHCv/nmJ1Z5","privKey":"iDo4ObOYqxrgoC8xNieIlVjMKR1FzqLjRl34gKi7p14="},"lastRemoteEphemeralKey":"BTJNAXc3uDrvaoDLiCrabK2UbuV9fgrB+KoZTxHK4nJ5","previousCounter":0,"rootKey":"7KhiWpxwMsW+hIrSWP6QYc6Dceu8OKCTVDI53w6iyCU="},"indexInfo":{"baseKey":"BbG3JLIRfeWp/DqApDUSGx/9iQzkEs6vgfH2mVeBCZYt","baseKeyType":1,"closed":-1,"used":1704732322117,"created":1704732322117,"remoteIdentityKey":"BX/9sLCulTuwrrD4L9rwtbCer5Rt9MGwh6nUcmK0YsYC"},"_chains":{"BQI3XBmMdiT641k0agDusVJ9tAHTHsvrsSHCv/nmJ1Z5":{"chainKey":{"counter":2,"key":"uKTmRIlnS076s0zvSQU2vz6lGIBa1cUSGgj8ri5amRc="},"chainType":1,"messageKeys":{}}},"pendingPreKey":{"signedKeyId":7,"baseKey":"BbG3JLIRfeWp/DqApDUSGx/9iQzkEs6vgfH2mVeBCZYt","preKeyId":13269598}}},"version":"v1"}