{"_sessions":{"BWFBx2K3WmiY+KBF8crnmxI6L/PYXUAkhCbzvd93wckb":{"registrationId":159,"currentRatchet":{"ephemeralKeyPair":{"pubKey":"BS+l4Sds0n58aBodC7HmaJFoqkC6zv44N4vEgprcSxMm","privKey":"aLGFhtwaqq5dRyRXINhyToT5Z/aGret3GMsr5H+a7WA="},"lastRemoteEphemeralKey":"Ba2bZP8jcRzdxK3c0OZYOUpzz91UIE6QtyX3axQq09hg","previousCounter":0,"rootKey":"E2+wRnlmwMlhfUCGxty5WCdiqB0ajuBgZ8e9Fh0fC64="},"indexInfo":{"baseKey":"BWFBx2K3WmiY+KBF8crnmxI6L/PYXUAkhCbzvd93wckb","baseKeyType":1,"closed":1704771001849,"used":1704732322159,"created":1704732322159,"remoteIdentityKey":"BfBgWMiSSjHt9Atmo3WDlfE+STnyK3ssgrbGFSdDzY9U"},"_chains":{"BS+l4Sds0n58aBodC7HmaJFoqkC6zv44N4vEgprcSxMm":{"chainKey":{"counter":0,"key":"NQlSpVxqvE1PPOZxyftf1AlCcHvZDlc8n4heBqK1s44="},"chainType":1,"messageKeys":{}}},"pendingPreKey":{"signedKeyId":1,"baseKey":"BWFBx2K3WmiY+KBF8crnmxI6L/PYXUAkhCbzvd93wckb"}},"Beg9e1UqwUaAJe/x8Bcx0tJ9YJbMIG36oyz1KDhxa/YI":{"registrationId":159,"currentRatchet":{"ephemeralKeyPair":{"pubKey":"BSKA1Yd7XerYHTZ1gExjhZyDTQu7X2c6IxK38bamvPAU","privKey":"MC7/ZJK1jrUEiIROW3DoCS9+qkzLrL/Cdbnqsq3x+XI="},"lastRemoteEphemeralKey":"BWz3eZk8/vNLwiRxrmo8q2eki1zWH8CescfS5R2ehpMY","previousCounter":0,"rootKey":"dAmeULaXsj3pMPIbxKjIDSkwG/7375eOFbgY8U1qRmw="},"indexInfo":{"baseKey":"Beg9e1UqwUaAJe/x8Bcx0tJ9YJbMIG36oyz1KDhxa/YI","baseKeyType":2,"closed":-1,"used":1704771001868,"created":1704771001868,"remoteIdentityKey":"BfBgWMiSSjHt9Atmo3WDlfE+STnyK3ssgrbGFSdDzY9U"},"_chains":{"BWz3eZk8/vNLwiRxrmo8q2eki1zWH8CescfS5R2ehpMY":{"chainKey":{"counter":0,"key":"hHuZoTihGNRiowEXHss8byGwJSN9nXSgh5sU6w2OV7Y="},"chainType":2,"messageKeys":{}},"BSKA1Yd7XerYHTZ1gExjhZyDTQu7X2c6IxK38bamvPAU":{"chainKey":{"counter":1,"key":"WHTmfKM7QlCQr+vijSLrv9xfykEs1V7q7l1O6nUxvZk="},"chainType":1,"messageKeys":{}}}}},"version":"v1"}