{"_sessions":{"BVqYhVw98XlNZ+JT4tzF6RohT86On0Vr2nf+Xt2A8uhu":{"registrationId":957908585,"currentRatchet":{"ephemeralKeyPair":{"pubKey":"BZY4kGubcr68S9XdS5zrmRi8N9zQvs2ytPawstBcJsYD","privKey":"0FJDeUbbzw5kL0TbKNDqLE5gLum02a22/sDBjmfS3W8="},"lastRemoteEphemeralKey":"BXbMXjYdyWbyvJdP2I9hXYdCgtOXjBkZoFWHPBKyFQ9N","previousCounter":0,"rootKey":"LrsiShqobzaqT6CP3JTRgTOT4DrV0WjnYT7v5dBkoVQ="},"indexInfo":{"baseKey":"BVqYhVw98XlNZ+JT4tzF6RohT86On0Vr2nf+Xt2A8uhu","baseKeyType":1,"closed":1705547240081,"used":1704732322850,"created":1704732322850,"remoteIdentityKey":"BXjsoW0xUmeVRFQ/PWqCYv5BjWa8ld2r9nmFxXwLQQVw"},"_chains":{"BZY4kGubcr68S9XdS5zrmRi8N9zQvs2ytPawstBcJsYD":{"chainKey":{"counter":1,"key":"PlEYJR3ZXULhwT5h4OPfugEhbPjg7vHDtpjVh3PgiYo="},"chainType":1,"messageKeys":{}}},"pendingPreKey":{"signedKeyId":0,"baseKey":"BVqYhVw98XlNZ+JT4tzF6RohT86On0Vr2nf+Xt2A8uhu","preKeyId":1828257}},"BRTdqGs7yHuZsjUk5NggViL/cTzJ2GJCCIjLb1cbio5O":{"registrationId":1582168415,"currentRatchet":{"ephemeralKeyPair":{"pubKey":"BWXe5xh4K9lsl08LEwp+00zfA4qcgwtKlFumYS6+tHdp","privKey":"+JH6YLN4uSdu6I/xahKepK6+hSFWmm27eA8glGmMems="},"lastRemoteEphemeralKey":"BXPxUpeBOeogGN0s694M0GgBBc4BU4fgTctFkx5kEkQf","previousCounter":0,"rootKey":"weCWFoFBAu9uthu5rncpdUeHUypC2QxWL/gnrhXAj4A="},"indexInfo":{"baseKey":"BRTdqGs7yHuZsjUk5NggViL/cTzJ2GJCCIjLb1cbio5O","baseKeyType":1,"closed":-1,"used":1705547240071,"created":1705547240071,"remoteIdentityKey":"BX6e7mXWiqwv0RRRiY2uo+k1GyY6qrC/EddI9QGsf2MJ"},"_chains":{"BWXe5xh4K9lsl08LEwp+00zfA4qcgwtKlFumYS6+tHdp":{"chainKey":{"counter":0,"key":"9GKuAY8dshoSBRLYvmuPrX9kzPIqjwy/Ax0pUuJL2g4="},"chainType":1,"messageKeys":{}}},"pendingPreKey":{"signedKeyId":0,"baseKey":"BRTdqGs7yHuZsjUk5NggViL/cTzJ2GJCCIjLb1cbio5O","preKeyId":12484709}}},"version":"v1"}