{"_sessions":{"Bbgoy/KQfSuZtoW0H2h0GdNsFa8iK/5VCAwXOCIiEC5l":{"registrationId":1639492683,"currentRatchet":{"ephemeralKeyPair":{"pubKey":"BaWfj1kw3lnsxOOVvdwa9c5ucFZ526JxRuicMGdxXYt3","privKey":"mLrjhM3ElVap2vs5wOSlFVl4x5lOYsn9yqgJC/oWdks="},"lastRemoteEphemeralKey":"BQTGGk5R8XvthdRSsIDsi0Lfl9kN+4KNbfH5lDl/67Jl","previousCounter":0,"rootKey":"l8It9rb8sSu1WiHa9scc6RZnMy5YFSAV/ykLMrEXlBQ="},"indexInfo":{"baseKey":"Bbgoy/KQfSuZtoW0H2h0GdNsFa8iK/5VCAwXOCIiEC5l","baseKeyType":1,"closed":-1,"used":1704732322634,"created":1704732322634,"remoteIdentityKey":"Bd3YEamuMwvorI/axN1ZVRZobiD8aXNdeXYhxrRBssNb"},"_chains":{"BaWfj1kw3lnsxOOVvdwa9c5ucFZ526JxRuicMGdxXYt3":{"chainKey":{"counter":2,"key":"cek9QLIVjKxltP0kOmPF84P8OB05u0nPUrZkoXuuQ1o="},"chainType":1,"messageKeys":{}}},"pendingPreKey":{"signedKeyId":31,"baseKey":"Bbgoy/KQfSuZtoW0H2h0GdNsFa8iK/5VCAwXOCIiEC5l"}}},"version":"v1"}