{"_sessions":{"BbAGgYWoPLpeIUN/cK6ZOV4qalbyVLvCFMB/3b/5Husj":{"registrationId":607846674,"currentRatchet":{"ephemeralKeyPair":{"pubKey":"Ba0meFYKKs+S+QUmxJrgBGcajCeHEQec9J3Pv5P4nuVp","privKey":"ACrAk1sAAItr0gs86LwEjWa+zNxQfLErzZmCSF+SkEk="},"lastRemoteEphemeralKey":"BRmIGBKWMZIH1Ntz8U7sHz9vyX/57KMskz+VrFyQiahZ","previousCounter":0,"rootKey":"SQ+ivZAOiZKoHTuqngUSvhv9B8UdtdJpQfoUo5HK7P8="},"indexInfo":{"baseKey":"BbAGgYWoPLpeIUN/cK6ZOV4qalbyVLvCFMB/3b/5Husj","baseKeyType":1,"closed":-1,"used":1704732322732,"created":1704732322732,"remoteIdentityKey":"BUjACYPt9yzYIJ9nWwo4tRe4Smmz5lKH6JrG1myoTdBP"},"_chains":{"Ba0meFYKKs+S+QUmxJrgBGcajCeHEQec9J3Pv5P4nuVp":{"chainKey":{"counter":2,"key":"u1i9f70KyL5ExKzYoDDHPqXNWiLGE7Ij+zrAsT4uh1g="},"chainType":1,"messageKeys":{}}},"pendingPreKey":{"signedKeyId":0,"baseKey":"BbAGgYWoPLpeIUN/cK6ZOV4qalbyVLvCFMB/3b/5Husj","preKeyId":5198881}}},"version":"v1"}