{"_sessions":{"BTvcKznvJqsjqXvhzcgHsqTrCkprWVtjs4x5kwbQiMJY":{"registrationId":413456030,"currentRatchet":{"ephemeralKeyPair":{"pubKey":"BY21uSuDJWrUGmftf+m3LDp/OTrSRjeTbnZPMHFfhSkN","privKey":"0MO1yScbmE5uDyFq8GgocWTiU9pu/Rbb0/2tnW9K2nY="},"lastRemoteEphemeralKey":"BVpBIREPcOHb/qlVwwMYyFj/Gl+Qkewd2LhOAFuw9nQn","previousCounter":0,"rootKey":"TcGagXt3VeUxCU2zDI910lkwGhIWm/oTZfKiWM1sarM="},"indexInfo":{"baseKey":"BTvcKznvJqsjqXvhzcgHsqTrCkprWVtjs4x5kwbQiMJY","baseKeyType":2,"closed":-1,"used":1705547149782,"created":1704732305711,"remoteIdentityKey":"Bf/ARMK++pBwY907i0XzM5S7p1lKlQ9NwihhK/3Tzbs7"},"_chains":{"BVPwDqr0NLYAL7Q7pIEMqPsxfOtFe7cJZMHgU05n4+xc":{"chainKey":{"counter":0},"chainType":2,"messageKeys":{}},"BVHbmdm1l+vEl3hk2IUTDCSBsHrnKr1ob8nTFafVD6B4":{"chainKey":{"counter":3},"chainType":2,"messageKeys":{}},"BVs2WFR8g9pyVyVSPrMn0pFCeWc6eYy08fiSIjOscBYj":{"chainKey":{"counter":1},"chainType":2,"messageKeys":{}},"BVpBIREPcOHb/qlVwwMYyFj/Gl+Qkewd2LhOAFuw9nQn":{"chainKey":{"counter":52,"key":"drOXkwceLoCHv3Nv+r2Yyf/Vk+dyPm9Bwf2AXULzxNA="},"chainType":2,"messageKeys":{}},"BY21uSuDJWrUGmftf+m3LDp/OTrSRjeTbnZPMHFfhSkN":{"chainKey":{"counter":0,"key":"fd73LaI0OKpgtk5RE3iXn6LGsm/2lFuEvuDUEZBM5ak="},"chainType":1,"messageKeys":{}}}}},"version":"v1"}