{"_sessions":{"BVEJzznKdGsw8yzsvNcO094HAWL+9i7+bGyAevQLdX9E":{"registrationId":1937819688,"currentRatchet":{"ephemeralKeyPair":{"pubKey":"BfU+aJfhM9SaWZHudcFZ5lQwohGJ9YMGOy4hLI/O9Mle","privKey":"IOJ6epTsTz9aj9SdCJLHypEtiZNFJDHPNUkYJ+49J2I="},"lastRemoteEphemeralKey":"Ba+2mOPMH1pNAnU7fwA5dHkX1nZtL0odjTcK8NQNEmMb","previousCounter":0,"rootKey":"sjPHntxsaZlMqqGyxXc6epMjC1womPf4pze9cVNvuQ4="},"indexInfo":{"baseKey":"BVEJzznKdGsw8yzsvNcO094HAWL+9i7+bGyAevQLdX9E","baseKeyType":1,"closed":-1,"used":1704732322521,"created":1704732322521,"remoteIdentityKey":"BWAOgGMMY9zKtaeJ24RF2nM4qBFqhz9uMbBoICivjQU0"},"_chains":{"BfU+aJfhM9SaWZHudcFZ5lQwohGJ9YMGOy4hLI/O9Mle":{"chainKey":{"counter":2,"key":"h5mNthyDByXYjE2/UlGes3lWPQ5UdzHgcUrp56/Ut2g="},"chainType":1,"messageKeys":{}}},"pendingPreKey":{"signedKeyId":8,"baseKey":"BVEJzznKdGsw8yzsvNcO094HAWL+9i7+bGyAevQLdX9E","preKeyId":14567520}}},"version":"v1"}