{"_sessions":{"BWrl7N8uMtxjAIJI9TYFGylYuexp5tTFimNRvxp72ENX":{"registrationId":594678732,"currentRatchet":{"ephemeralKeyPair":{"pubKey":"BQEkczgOlqTE1Y89Fi9lB6sAYcBSeJBu8hYDniEQXPMB","privKey":"cAeg2COPPHaTpdvqiZ9gwzaGNvj7a9U8IVfHAdQnh0E="},"lastRemoteEphemeralKey":"BQhRxUHcu3nQrJZOX6OfEuVxmnXBJkhZBUkocF6osWUS","previousCounter":0,"rootKey":"5jK+E7PR1gcS80DZRBQZ4Hm+fRN0izICS8gc2XHAGSc="},"indexInfo":{"baseKey":"BWrl7N8uMtxjAIJI9TYFGylYuexp5tTFimNRvxp72ENX","baseKeyType":1,"closed":-1,"used":1704732322752,"created":1704732322752,"remoteIdentityKey":"BU7JzMOlYu3Csk/MrcDt+LN0rd8Ta/0/xU1/8uNV/h18"},"_chains":{"BQEkczgOlqTE1Y89Fi9lB6sAYcBSeJBu8hYDniEQXPMB":{"chainKey":{"counter":2,"key":"qrtVsUgFF2jBxKGav+/VuLCq043ais2QYYEBGpxaGYM="},"chainType":1,"messageKeys":{}}},"pendingPreKey":{"signedKeyId":0,"baseKey":"BWrl7N8uMtxjAIJI9TYFGylYuexp5tTFimNRvxp72ENX","preKeyId":10340934}}},"version":"v1"}