{"_sessions":{"BeItjz33H/L4kPH30bu2BgwmKs65CDNYshJ1dDpDVQFJ":{"registrationId":1828261049,"currentRatchet":{"ephemeralKeyPair":{"pubKey":"BQRZAbWxZqK3GXs+I5rh+io4XT8nGGzqJtAfKFghuhRa","privKey":"OAKzcTUvu/c0X0Au2hfXadpehEkwKqz2IoBDmtvyNm0="},"lastRemoteEphemeralKey":"BUNTIHKq1Qw0B43slznKmQyjm0KsztbmA1C4nysWgqpV","previousCounter":0,"rootKey":"McLOPeh+7Z9hIewP1s86OdZJB38WIkCNv6kObygQzjY="},"indexInfo":{"baseKey":"BeItjz33H/L4kPH30bu2BgwmKs65CDNYshJ1dDpDVQFJ","baseKeyType":2,"closed":-1,"used":1705547144158,"created":1705547144158,"remoteIdentityKey":"BTCnpTkY7jyrQzpBUZlX0CFtTUKJ+soKVJ6S3mtMsBdY"},"_chains":{"BUNTIHKq1Qw0B43slznKmQyjm0KsztbmA1C4nysWgqpV":{"chainKey":{"counter":135,"key":"dPT/8IYsM3uYNc1/UpPAs0vnXuAeiXY3HMjmvPbcmfc="},"chainType":2,"messageKeys":{"0":"KExxsfy2MIPXrFVn5nkltLKSQ6sdRzqh1IZK72mbsxE=","1":"UkIDOBGS37JMC4RhrJRzaV5vnpsXwJijAmbpxR0+t5E=","2":"kU2bAw2LJ5RbY/le1GQafIKufA5GMYkT1fAk8ImK+J0=","3":"Opl3gZjpLC5zDYwgDEvyyy1kObQN4JAo/tc++Hygd9g=","4":"tvbCAtx49ZqrV7XKV4i5mY6fGhragPuUG0+z6/hxJak=","5":"5uk5XRgiAjDLm0JNCHcppbOPQr3645LNdFYuBqpw/nc=","6":"gBu3iExnKMKHTGM0a4p7qwOzbXmhR5wj9LJ1rGVSSmo=","7":"49hYyVmv6o/apuQorHAFMk1WKWM0b4fyWJ51sHil4m8=","8":"VAH7ELYD6b+fVs9uU/f1cDWKG51IdZeIu5V4H35LzpY=","9":"QgIrHtR0ofBnll2U1wcXALl05rkhi5VJNIpZp/vQ8D4=","10":"yw6jsJIhKft0blKoBh4a7BT2mp5frBznwF3+d7H7yyw=","11":"setkdKifjy7OjkZWVdInT3mWvtx4xFsBTSVhoAnj5gw=","12":"CdMkrde7Jq0MrhWHP9eAqbQZ7+b2MdsiwL4IC62ClVI=","13":"qCWVfrusz0qLVY1M5x58m872DCRjX2GvK7F1KxJqHzo=","14":"jIT7/4T9JLFh6wIVZmtSagbM2glCt32/FHRTZ9vBItY=","15":"OCzfhXKFB3gQ6LCMwnc/Dl+TBifFc6JRckSptrwbtoo=","16":"cjLgMaoKK/YEkUVAztAz9LLXACbP5cY00d1RqqSZnC0=","17":"z4puEYXtpxGDDVkFeXutNf6WlrM9ziNlbCPWDGN0/tA=","18":"t0Nl17Gb256H7hyCzu1iu4GYInioFtAmlziC8qEuxPk=","19":"a8781nZGDlHmqhRtYkEY/ofYZRTI6ySIX51Wixavccg=","20":"tFhuj5cFnG/tX89gsjVgyJu/ErKSQVA1/gzaRIaD5B4=","21":"LdYMoqtSgGhi+8QlcnYS7+ikgb7GYUVJs5RVexzgXUg=","22":"XZIn2iF97I8pGkeQ60PLCIc2pyLQ9W0oFe+pDAMQ1nE=","23":"M23W9niNnbuSv6fulmIXuHfeN1PPCIKx3SV3jwyviqI=","24":"e3Xc5fgXCLrY/AQmEZQoDBFv4D56zjNTElH3W3/bDzQ=","25":"2v9KJbnJ9gugA9mhOsaEp9CklrFLuZj8XedOnyyGeXE=","26":"4cVbH2v5ag8fjn0BrrBXimlWvQFi98HfcIBc90Mzuno=","27":"8GW9oZW3x/MMbYwj8sCgqrvP4NJFDwFz51a0wQdrTtQ=","28":"aOR08lLUaMP3LQoF8faYDU8lkVDwkK9Mzg87leW6DCk=","29":"T8Mj+mA9Jxaw3WxzDRhPkfjJpgFTCX7y+GBi8p4EsnU=","30":"y57NzNNixplc307Mt4gqZM4XEVwj9P10JiBi+2a1jrI=","31":"kDD2vpLPqVMZbh6lsrri46IXKso01Nr+LKD6EANhlP4=","32":"BtplRbLbGxkWUluPjh6P/iXzY1yBArLLQmKN6LntgTQ=","33":"degVgaMk6PNY5DMpJBgQcourxAbf9fXYvlJ6ottbDik=","34":"XaMV5REqVp40SLaEekdOkZljHSdZoEL51W8oL5hDQd8=","35":"pqz5Sfp5KdUAlZIA/B/WmmFnM03H00C5iVxlE/ATeoA=","36":"aevsWiO26ErxgHzgRtrjp7YNCw+jvJXCJ3rqfPFGp8g=","37":"Zy8I2Gc6fZhQy5MxwlJPHhhpfFEEuedKjcNazyg9sUE=","38":"smS1qfIfHL2A0FavCn3mEYknq1kQ8f262ZkKBpV7KrE=","39":"tzcTbByb965YHcDrV5yAeZVOo9BC7MjzFVVXxIMO85g=","40":"6d8CT0PoaBnGY3kx/sEP4LukjH1WA3NVf5p51YSzdYs=","41":"2oNBF5MB+oHH49GcTMmICBoGX/Ke9dNtfAo9u1HJy4I=","42":"P1tF3q5CSf1OYZUY+ovqimK6L3+/iACfGsGhREU5J7k=","43":"H1m8Yc/Xrg+eIPJRykeCeUgasI0UQqpXXW/gbPBfwI0=","44":"meDqmiPbyh5W7v0g3RdBxYV1WK1U2F9o5mrxeOVJ89E=","45":"pR2gpr3nE+oZE+mvgOSFbQVWVvwVT00PkVN2wad5v7Q=","46":"6zZiHrE9Vk9nFHNCF4jYKwUlrZMbrQaJgvmOpCWzUx4=","47":"o12xiqW7x3ap5QnT93gMdBak0rZ5TkEDVQ10j3PaHYg=","48":"WUcO1xFESDM5mMiXuyVQOJtB7Bk/lgFN1TnLVhxiF1g=","49":"QndN/4PWSIlorVMqMvYN33soTOdxl3h1xi5FKAoY6qU=","50":"5sWY0FWDzaVQvvZHiNdOWMmtDlDycwOuCcRhMqeq9ew=","51":"Di1z53Lky3Any9JafW9NxvHSD1pNGTZymzv70x+5DFM=","52":"5sG1RsRf0s9izYk0I8pPaLSZl5JsIZGhVBzj51IlE9w=","53":"nLu89FxozXwnbfFx9EG7AzB8y2189cBcInY3vz/+M98=","54":"LVQ41/R7SRwTnChKg6V9ABkcQOmQ2lXtyWBW56edoXc=","55":"Dd39A0g2KGunT02bIOUyscntkspSUwKjFJ8RSt4Eh64=","56":"zjgQgOq8P7ihODTgRUsDnv1Nj1TpVY+Lz9LslVVnkHM=","57":"QWnY6RuD6+ROpMDpMcpxn4JTf7PVt7exGTp9jhY4jao=","58":"FYVR4OSs8fIYPQWzKlHzX0Q+QJBnZbCVmxDmNJx15xI=","59":"15UFMEoNSGCdrZgrY8AN1wVBBNlyslTJYsVP2ruxgjQ=","60":"FiJO6/u4uqESYwexNMwgUIYs50W24kwHUg0Aiu0iULA=","61":"eFLfl3IhTuQcAFUs+tSZvbZaJOKlNGjc7sLKL7qHhYo=","62":"38WwePPdH02KRgy8u3TNxBnQrFalEsJ+nQ7begjiISQ=","63":"dety5akLgAgOZFd9z11z/Hor2sphBub70ve+aUgE55M=","64":"qSz/4I4l5nSMTO9r4hKREQUgHbWJ9xBkrTNVT01QwTc=","65":"58jyYV9tOqPcvR9At2pjUeGef5+pKWHxdPh31COCVG8=","66":"6UnbMPCU8pNr3bQQbxEjPNyosSnBiacDV/352TU31aM=","67":"yE2dbRNOSrUHWdazDGu8mHZiMPpdfyE6jl00daYDN28=","68":"H2ZzmXackFtHlvLifdW/iPx1SSwkNgNvSrTbVg1u6G0=","69":"kA3W01gWCGt/DmIct78uBMFA6aMFtP1rWlbQa03RM8U=","70":"AbDSI+kgU3BdIUN7Kgfs0dyMCdMZV4/S+tFedsCt3AA=","71":"ZvEsMsf2r+EONDzz9dCTfo9eI4zsjNqRG+fGvrC1j0A=","72":"Fj+b9gYn0L1ft/V8epzJYklp/TyRX/48N6xiIuznKr4=","73":"yhNwkNe3xlZY0TGxHEjKt5uRNWX7jz3ij+hCNcPeQxY=","74":"AJ1bJl6qUyj4oCjOzcM6fOAf2eOUFqIwo74ymdPO0es=","75":"/Nc98mpu8Nx5vAvrfWWU/sGMFU3uItO7/0xcxk+24Cc=","76":"vebYhLLeVsomy82bGQTrZaiWM5PxOSTm+qws2/VcNK8=","77":"ZpPW6X0e3HRLkVON0KQ3sJ8idgWCd/7tXoMW3jqXxAk=","78":"9KykrtDRx90s2AZ47Cjd9H5ykJiB16euc+pS4gPVIpQ=","79":"N934mxmHihFMfBnqRJxy8asX3xgBb650n1IkJyrxbRo=","80":"NJfKyloXnf2d/Ih78UDoEWQgoWCXEtqbg6GEX0qbhYA=","81":"CoAYvtmgayQu5B8RTb5x8QAFUuWN+CXJuZhTbWfQMUc=","82":"BoZ9VqG0kPqi7pEyw606g2hRC2WOvPR4xVkZx5Py7s4=","83":"dXmLmdFLcEXjUUeZpL5eVCtCI1jNBNgmbJZDDBzsJyo=","84":"7+krQd9Sj233EkoVqQyygh4uB4peYle/hrquuSCjRgk=","85":"DR5vjHhoRSSoJueYmmSFihBCi7Jf3nTMTxBUBUyO+kY=","86":"Vw7LYvrzYdbC0tpZZwIlHz6A+hgNj/yQZOt7fbhEacs=","87":"9zLeu1YiXaPlR0PxIprnz4sk8u9Hoofn3hScfbC5Ovo=","88":"BKoYP6Y73sOh7F7TmJocJsicrWI5g0yG7U2BoOwcJ2A=","89":"oESVSrCJD1M18wnnebGzi74YqCGu0PvQECdREqAQlas=","90":"aNUhDEM1FLKHiE9Z7xMSYeWAndEatJeejAyVbkbxDwA=","91":"aMjzqCiz8HcmBM+haJ00Twgke/vgoqohYjX5LhIxf90=","92":"8hmeEPGlbLcQzovWpGpd4k96Nb3CDGccdwEoxdis0lo=","93":"mgQEsP7Rm63YbBjRR2vCh81enUuJS94z+WJPIBY2m8U=","94":"7wYjrwk0LTseuww1f3ZACBzzqu6MDZQtQQNWzAdeUy4=","95":"Ff949H0NIhXRpBpF2Ec60vMV8PWJNOwijKj6LueABDU=","96":"Lp1yA6B0bun4J9bDRLex39LkhnDsnI79zLyybQNhd6g=","97":"kiaH/w6T+0pdFPzeqT5wSdmgYnJJ0dpSM7C3nP7BGLQ=","98":"OqUjlPZc3ezTf7RcDNrB2ZykoLa3bIJTVEpPJAPkLe8=","99":"Wj66SMtWBymiBWi7FyYW6RuhFYdKUXJBQhXMbozbRtw=","100":"Z3saU+btUkdp1j5ATWlRWGD6mkBQ2qG+9j1or/nhR98=","101":"86nMeeMOfIo1BB7UuUOaPHdVZbT0sePiyjLT7Rkmu3o=","102":"gt4Z/kdGApUt9JDxZuNMUs6j5EmTT4gDwENUVulIm5I=","103":"pRb2KYaYmoLpu/6qfjgg+kj1upQNn34Ku3pjOjeB1ow=","104":"Uuu8oj2SMldk3PRTc9udbn9WuJy3NhrlOBOcAM4SJ8w=","105":"BSC071fINn65OYeBGhxnzgZc8trTYDGfQWYj1K1r/+Q=","106":"IFvot+sEPuEp9sQ2UZqLZPRyO9JKkbW4ylMYdi10a+c=","107":"UX3B0PTLpns3Ix5wdLn45UUttZLNkcaqKx+H7w1/1o4=","108":"t/CFtYY0Rtv8fhGWTBcQXO/sZ2vDkC93Pn48SKAbdiM=","109":"WRsOWyLAeSnrZXOsSouO8CAivwPKo7OLkRKrgH6qVAc=","110":"czlIGKL8KHZ2kmErSn2TKen3sJLfVwizj+d0cGe0qWU=","111":"G7z4RB4Iz4dq2ZEVgk0mmDwBTjoKVRkb5OeWKug1rP8=","112":"cHJzMHN1FJmq/1dxEXHaNRxcx02aWXeSVjLWB66OaYc=","113":"6i3v+pd8aV4zUfcSElJLlfVacycgK+rvTtvNxFIPXao=","114":"kI9viH4K33OrBshxMMqcvJaznLMD3m9Q4fYjJN8F+mM=","115":"Y505UWodjvE/aG8e30ZqOKVVWkzayNl8q1LfTj10OCw=","116":"jIwSPagyEhHo5256SaczIvpL9f9q0V6T3EI9Q9qpA98=","117":"dwHDtH0m+TV2SddxjjbAavSKczByJ4cGhT8QmJ3qoCo=","118":"Dg6h3xYi7mByC0qvXGgl73V6b+3GVY8pmbUImxRTiYk=","119":"CoMIEQDC64Hm5dqHoLgJJNSZSBjEH+4AdjeJQvv+GT4=","120":"3giouHy7A3Fedcsk1X/SBv5FPJJZsLlL/tLFFXl5C+I=","121":"NVQ7A7ZUjHdBpFH/bTYTWF7G5J/vwGqCs9T7MPOlNhc=","122":"sYU35CbI00dH4ZExyszi8jyFIPm8CUp0E47IjgGp9ik=","123":"1KlPlGdEsOP0+LBdlteCfFu8rq7BFy9K2/x8X+Nwruk=","124":"CIhVggbopXOkkkmJ3ymK7hd/czKrgGXAKuPITgsgiuw=","125":"oHjPVXMNhb/l1bkSo+qM3hz1Nqmg0DsAYobZ5SrMuzM=","126":"l1IqJSsl8iV5n9jBwNx1Sp4hjKByEAB+HPcBdrjusyU=","127":"4i6Ww0mVmpWHFNBWQEKP5Tf4dXRcWJBix9t2U1m0Tgs=","128":"VX4NHrfjniPDBXoSPAnr7drrQ5tSWuzG/VNNRRW/s6Q=","129":"JnNhO1z0CuchRY1HBLFNgYiuEbtkTu9oS8AFP78tGuo=","130":"9R6+xhApeCdJBq8qYpvW0l6DuabheesOKzTW0ShCUO8=","131":"1jKxIUhJxCjJrQBfNLBRnvmVbzfNFSuCCzsXRqrLY54=","132":"2kOKuKPUea4tKcQlwYgydavx541Hxkf2bwGqdo/x5wg=","133":"vdmokbltBfEC6r0+9LykFDq62Uq3DV9t18s7BIQs2y4=","134":"00UZztrgwp7Cp3UEyg5x1ZPt1+AtJcSoyUccJjvcaYM="}},"BQRZAbWxZqK3GXs+I5rh+io4XT8nGGzqJtAfKFghuhRa":{"chainKey":{"counter":-1,"key":"VwEt6uYuZ96A1M0mU/C6NlEth8lnPzL5yPqP/2kn9uo="},"chainType":1,"messageKeys":{}}}}},"version":"v1"}