{"_sessions":{"BSTccTHaTJSTr75ZtpbygQEzQIouHhhkNx6oWgDO7rkJ":{"registrationId":12663,"currentRatchet":{"ephemeralKeyPair":{"pubKey":"BXjh1PltYp7b6L0jl552JfIbyc5ZSS9/0EkDfNwcyc1p","privKey":"YA9D2ad1Q7Fv7KwNrAg1zQTFei1ss8hq/6fwkCppW14="},"lastRemoteEphemeralKey":"Bdqf6G0zROxBAi06olpPFb5Sw+XsagDzgQAChyDEBcJu","previousCounter":0,"rootKey":"ilZdqgT6KXCSR0t1AfREYvTtowPC/JYA+s//v9Y+El8="},"indexInfo":{"baseKey":"BSTccTHaTJSTr75ZtpbygQEzQIouHhhkNx6oWgDO7rkJ","baseKeyType":1,"closed":-1,"used":1704732322237,"created":1704732322237,"remoteIdentityKey":"BY/O32+MhbpZjomFzoKxn9ohlySQRmK/blWotFT+MlYp"},"_chains":{"BXjh1PltYp7b6L0jl552JfIbyc5ZSS9/0EkDfNwcyc1p":{"chainKey":{"counter":5,"key":"KSkjuN2T0lhCpJiiHYvV+G/Gkin4xqqjUK8M+qVhUME="},"chainType":1,"messageKeys":{}}},"pendingPreKey":{"signedKeyId":1,"baseKey":"BSTccTHaTJSTr75ZtpbygQEzQIouHhhkNx6oWgDO7rkJ"}}},"version":"v1"}