{"_sessions":{"BeQ2PoZ4U23hr8WBX7qjeBHmiO3x7US0vqjOE5McfBVQ":{"registrationId":184,"currentRatchet":{"ephemeralKeyPair":{"pubKey":"BRxs1J7LkEmqbnvqnwxuR5P0SyukhqXbiQAGCj2dEnEQ","privKey":"uIeYdVD5Uf9EYIBMjLslDdEDbpQE5G6nbzjDxWMzhGs="},"lastRemoteEphemeralKey":"BRHD5gg/mHTvM6cgRL7De/ywEwBdb+hXehAiA4bFXntx","previousCounter":0,"rootKey":"wZLtq/62r9Wk8Pop5FrdRyquCeOI7DjwOPhm9qBQIhI="},"indexInfo":{"baseKey":"BeQ2PoZ4U23hr8WBX7qjeBHmiO3x7US0vqjOE5McfBVQ","baseKeyType":2,"closed":-1,"used":1705547126451,"created":1705547126451,"remoteIdentityKey":"BTcCMoxBylKDAjGegCTCZl9I6rAIdrA3BBkQH8hbRv8O"},"_chains":{"BRHD5gg/mHTvM6cgRL7De/ywEwBdb+hXehAiA4bFXntx":{"chainKey":{"counter":0,"key":"b2k7e7aUHpKVh2yMFKHsyvXNoveTukjzKJMAy8u2aZE="},"chainType":2,"messageKeys":{}},"BRxs1J7LkEmqbnvqnwxuR5P0SyukhqXbiQAGCj2dEnEQ":{"chainKey":{"counter":1,"key":"HFgEN86j6eNG3pU+A7/WDQPF/nOqf/p8X4unX4RR+zg="},"chainType":1,"messageKeys":{}}}}},"version":"v1"}