{"_sessions":{"BQIbCDNRU7lfsbvz682xrMTlc198L5kK9hR2j9R6uO8X":{"registrationId":1836937947,"currentRatchet":{"ephemeralKeyPair":{"pubKey":"BZj84x4/h68gRs+c6/zomKozssJAXRkNxKHCJqGfmRwp","privKey":"SMV6UbYJO4DUL+GrMwcdVW6nF0FSXMU9cL+c3dDa9VY="},"lastRemoteEphemeralKey":"BbPecQkltpTXTdtt029iBsuyqOgcsjlmkNmEPZLLb68w","previousCounter":0,"rootKey":"h+/hYYXExfCquj7c0HflJqzyQkNU14bChRr4jYlNwNU="},"indexInfo":{"baseKey":"BQIbCDNRU7lfsbvz682xrMTlc198L5kK9hR2j9R6uO8X","baseKeyType":1,"closed":-1,"used":1704732322559,"created":1704732322559,"remoteIdentityKey":"BTJCEEwbZm3zYlDvSryWyUoIeT+OJXxUwNiXcpNqkyFd"},"_chains":{"BZj84x4/h68gRs+c6/zomKozssJAXRkNxKHCJqGfmRwp":{"chainKey":{"counter":2,"key":"MB487Y1iKaOucTREmtxvyoh/h+OgO1MNqhIhgZzVcd8="},"chainType":1,"messageKeys":{}}},"pendingPreKey":{"signedKeyId":5,"baseKey":"BQIbCDNRU7lfsbvz682xrMTlc198L5kK9hR2j9R6uO8X","preKeyId":13641936}}},"version":"v1"}