{"_sessions":{"Bb4S/fOoT0UxdXnqZ/pj8G0kc0WWMPIP5Z7wfO/DlTIN":{"registrationId":655796291,"currentRatchet":{"ephemeralKeyPair":{"pubKey":"BbDHVpq6Q+bKlQvwEpmq8+ul9sTH9XS/NTzg6ubunuZm","privKey":"2DZXjEDHT1kChRN3T8cM06EbhL8a/iFifLtY8Up0BX4="},"lastRemoteEphemeralKey":"BfC5zaPH7peQckCXYh7RU9/wTGWI85hJmnL4au4hDQoy","previousCounter":0,"rootKey":"Alu+3QHKz6GiQf5r9YM9K9ysbJXZ39lLSgFhoAu788U="},"indexInfo":{"baseKey":"Bb4S/fOoT0UxdXnqZ/pj8G0kc0WWMPIP5Z7wfO/DlTIN","baseKeyType":1,"closed":-1,"used":1704732322886,"created":1704732322886,"remoteIdentityKey":"BZKOYyffZ/WTXSbNyAVhD0vyqylnzmpMmPdIznPHB3tm"},"_chains":{"BbDHVpq6Q+bKlQvwEpmq8+ul9sTH9XS/NTzg6ubunuZm":{"chainKey":{"counter":2,"key":"phA7Rj5hpUVk7MednC1xOPsltvyPCiZ8GkVOB11ONco="},"chainType":1,"messageKeys":{}}},"pendingPreKey":{"signedKeyId":1,"baseKey":"Bb4S/fOoT0UxdXnqZ/pj8G0kc0WWMPIP5Z7wfO/DlTIN","preKeyId":6692088}}},"version":"v1"}