{"_sessions":{"BYe/ajcU7iYnqQyrM0rEoITAx4JimR79F9MfAWCHhlQX":{"registrationId":870345871,"currentRatchet":{"ephemeralKeyPair":{"pubKey":"BYN93bxi106PIV8Z3a/AZE3xIqwGoQikMZRgE8uEEqJs","privKey":"6DGcz1iXN8cWHVrjUtB9kur3LEDXVeWy8wbmJVqR71k="},"lastRemoteEphemeralKey":"BZOzifOyiPWDzv6bSPnZmild22CGx4mXWZM83yoWq3Bm","previousCounter":0,"rootKey":"/sC0Ththlt/JFmTWcdcTfNfKUzvdPbZozbnwMoV7P1M="},"indexInfo":{"baseKey":"BYe/ajcU7iYnqQyrM0rEoITAx4JimR79F9MfAWCHhlQX","baseKeyType":1,"closed":-1,"used":1704732323090,"created":1704732323090,"remoteIdentityKey":"BXT4peCuEUeneQ7S+dug3AGfFprceFbrO2MGfRIvz+8k"},"_chains":{"BYN93bxi106PIV8Z3a/AZE3xIqwGoQikMZRgE8uEEqJs":{"chainKey":{"counter":2,"key":"ewD4f4vOGfeSygCGiqGj+6Z1izYQY/9I75639bUJYtU="},"chainType":1,"messageKeys":{}}},"pendingPreKey":{"signedKeyId":1,"baseKey":"BYe/ajcU7iYnqQyrM0rEoITAx4JimR79F9MfAWCHhlQX","preKeyId":6320763}}},"version":"v1"}