{"_sessions":{"Baxa6oHkqnpt1Lzk6l+Ma86xAa9z/DWPVEZAGGyAhf5p":{"registrationId":516,"currentRatchet":{"ephemeralKeyPair":{"pubKey":"BQX+2t6fgF8y5dRqbqbHcGMK7a7XBcts+7YoVH2aJ0Fg","privKey":"QDCy+KLUqdIyYYix2qJm4COJC1uAU6I5J3Ws81TRAk8="},"lastRemoteEphemeralKey":"BXwRPqzQG5XqkkyYQS1VskehaPklcbFbGXVBbHy68d0o","previousCounter":0,"rootKey":"rhNNpu3O4KXg1BDMJf4RjS32hIUj0c9CU76cZxyRoxo="},"indexInfo":{"baseKey":"Baxa6oHkqnpt1Lzk6l+Ma86xAa9z/DWPVEZAGGyAhf5p","baseKeyType":1,"closed":-1,"used":1704732322220,"created":1704732322220,"remoteIdentityKey":"Bb57WvUcZwzAb5xis2gPlCxaQjCPepJeKSrDXeCtCogG"},"_chains":{"BQX+2t6fgF8y5dRqbqbHcGMK7a7XBcts+7YoVH2aJ0Fg":{"chainKey":{"counter":2,"key":"+RoXrOiDZcCfKfvkHLarfoVzIsNb9tvwrIZ/Ah4hw+A="},"chainType":1,"messageKeys":{}}},"pendingPreKey":{"signedKeyId":1,"baseKey":"Baxa6oHkqnpt1Lzk6l+Ma86xAa9z/DWPVEZAGGyAhf5p"}}},"version":"v1"}