{"_sessions":{"BUsM65qUo3eLZwKGhAjU/t/TnKETFmUgkbt3VMrclsUH":{"registrationId":1204940759,"currentRatchet":{"ephemeralKeyPair":{"pubKey":"BYOnSTM6e/x/cuN7bP7BnAGPJDbC7gAPD7+zQwkDqX8p","privKey":"MBAs/9+fcA/4rzA0rtHEPd8cVdRqCIvwLyR5NKRM5E0="},"lastRemoteEphemeralKey":"BUUPNos5vRfXaBMUwOiFWjmp3mo5L2iJIHle1WVDdzNY","previousCounter":0,"rootKey":"xpf5UShFAmfB6e+4GeZPUWqGY+X3+49wIBzBU2PcKfc="},"indexInfo":{"baseKey":"BUsM65qUo3eLZwKGhAjU/t/TnKETFmUgkbt3VMrclsUH","baseKeyType":2,"closed":-1,"used":1705547134640,"created":1705547134640,"remoteIdentityKey":"BfZdvtIgfL2+Cl3Es07GtcKYGO2hjwp2NfQZLFYBbS5i"},"_chains":{"BUUPNos5vRfXaBMUwOiFWjmp3mo5L2iJIHle1WVDdzNY":{"chainKey":{"counter":0,"key":"kxhI+IXHDCIf7SRNnuARKy6VnjU5Yvz2DzqlJQLyM5M="},"chainType":2,"messageKeys":{}},"BYOnSTM6e/x/cuN7bP7BnAGPJDbC7gAPD7+zQwkDqX8p":{"chainKey":{"counter":-1,"key":"DxZUuknZYfU0YKM3XelU1pWuT2ubjj6P512YhEdvGSI="},"chainType":1,"messageKeys":{}}}}},"version":"v1"}