{"_sessions":{"BV2kuwuvdPb7irNdstcKsOoKqQnN6wh412U2p8ytSsFo":{"registrationId":109234012,"currentRatchet":{"ephemeralKeyPair":{"pubKey":"BUrh1Iiu4cZj3L9B06iASKFPPx4CS1Fd+1zUMGKDZqM8","privKey":"8Isc66j5tl1OTa7O6BLJCCeUNbNmIK3PGoP0Vtbul34="},"lastRemoteEphemeralKey":"BaWFW2dwiOqpmEV/bbO59Bc0RRvhQd1r4X/eItGaZjxE","previousCounter":0,"rootKey":"eR61lKxWM6jkfQmvQ5W/Wz2ZweEgkrNnNIie95QHuow="},"indexInfo":{"baseKey":"BV2kuwuvdPb7irNdstcKsOoKqQnN6wh412U2p8ytSsFo","baseKeyType":1,"closed":-1,"used":1704732322579,"created":1704732322579,"remoteIdentityKey":"BXipiI1RZw73/Dxpy5KPhPl0zVbw7oKl76YixLxFNOEH"},"_chains":{"BUrh1Iiu4cZj3L9B06iASKFPPx4CS1Fd+1zUMGKDZqM8":{"chainKey":{"counter":2,"key":"mxKVNinERW5Eq/MkcZbJlxMwACHBmfJihR0PxKtmxMo="},"chainType":1,"messageKeys":{}}},"pendingPreKey":{"signedKeyId":0,"baseKey":"BV2kuwuvdPb7irNdstcKsOoKqQnN6wh412U2p8ytSsFo","preKeyId":11116335}}},"version":"v1"}