{"_sessions":{"BS9oG+rg/XN0pC797OJ8454CnaPfqFsfWp7Jwkd72xQ7":{"registrationId":339686812,"currentRatchet":{"ephemeralKeyPair":{"pubKey":"BRJMUyMSkJoDoRm/1OyPBe4WVc8wA6Pc8i2c3O2Itco1","privKey":"ABSsR2Dtta0rwNWQWdmaal1QwZzyjA01hNJpQ1VkP2E="},"lastRemoteEphemeralKey":"BfVrDHzGelR9xhu7Sz0YP89gLBN3wmcHzwjVyUYk0j9l","previousCounter":0,"rootKey":"sgvPOLftt6RGvnnZIv6sOr6uz3VA85ix8r+TO6lTqyQ="},"indexInfo":{"baseKey":"BS9oG+rg/XN0pC797OJ8454CnaPfqFsfWp7Jwkd72xQ7","baseKeyType":2,"closed":-1,"used":1705547099900,"created":1705547099900,"remoteIdentityKey":"BTmI+etT/X0GpvbwA3JDBxorGbWoVybCAz70eWM3REU4"},"_chains":{"BfVrDHzGelR9xhu7Sz0YP89gLBN3wmcHzwjVyUYk0j9l":{"chainKey":{"counter":0,"key":"qNaHZWn9NPipHZBVRLvsDlfuRI56SHaGcQb7gM9nQ88="},"chainType":2,"messageKeys":{}},"BRJMUyMSkJoDoRm/1OyPBe4WVc8wA6Pc8i2c3O2Itco1":{"chainKey":{"counter":-1,"key":"bTULrzxJsgKTdlSRktMeCMvGrebPT6ObOLqpS3/10t4="},"chainType":1,"messageKeys":{}}}}},"version":"v1"}