{"_sessions":{"Bb+T3QE1NPSC+BIOUIRSmtZjqLqyrbuVQ2/K7B4ImuhM":{"registrationId":1289539692,"currentRatchet":{"ephemeralKeyPair":{"pubKey":"BXG/OjZyZbLAmmzFK2NtrqqGdDUw4AXfBkqO7xLZGNAX","privKey":"sDTkE9K3srlkSsGwSvUAMUQTs9vX7gxh11JS1UvBqHM="},"lastRemoteEphemeralKey":"BWMN6lA9l3u9QF775v3/Ji+4MkNoQsW35h641wmrV0po","previousCounter":0,"rootKey":"6YTmVmCS4ZJErcj9KnaapijPhh1FbKaqOr7CNgTREtA="},"indexInfo":{"baseKey":"Bb+T3QE1NPSC+BIOUIRSmtZjqLqyrbuVQ2/K7B4ImuhM","baseKeyType":1,"closed":-1,"used":1704732323072,"created":1704732323072,"remoteIdentityKey":"BZbgwHtxhmrsWFQrVnsDLw//DxHAhEP6dxMYtqU3nVR7"},"_chains":{"BXG/OjZyZbLAmmzFK2NtrqqGdDUw4AXfBkqO7xLZGNAX":{"chainKey":{"counter":2,"key":"7oS0EWDKfuY/Msas1ysZxoTYsjH9GIDnhxrD1VTM39g="},"chainType":1,"messageKeys":{}}},"pendingPreKey":{"signedKeyId":12,"baseKey":"Bb+T3QE1NPSC+BIOUIRSmtZjqLqyrbuVQ2/K7B4ImuhM","preKeyId":10710163}}},"version":"v1"}