{"_sessions":{"BU7ar2AyeYLt3SaoqfxbuIYFxe+o2Bl6p5hcLzyPvodH":{"registrationId":813902214,"currentRatchet":{"ephemeralKeyPair":{"pubKey":"BU+YhvUwiZzD3vgGZis3pxi+AnILvBBIoQX7Gi11FY8j","privKey":"YKMtebQbrK4q155LAJ97XAUuw2EdbTsKQ78m+/M2lH4="},"lastRemoteEphemeralKey":"BZIkOez3RD+XUOqCb829kDjdWvcKHNBAUZqXAOJWnxUn","previousCounter":0,"rootKey":"KXJ4dEOE/n7ol8YpLnYU7cDxTS8blYAjPDsrIpB6zvc="},"indexInfo":{"baseKey":"BU7ar2AyeYLt3SaoqfxbuIYFxe+o2Bl6p5hcLzyPvodH","baseKeyType":1,"closed":-1,"used":1704732322941,"created":1704732322941,"remoteIdentityKey":"BePhfNHJWJe3MKutbiCgDY3X39QGDWNhvthpC4s2k0kX"},"_chains":{"BU+YhvUwiZzD3vgGZis3pxi+AnILvBBIoQX7Gi11FY8j":{"chainKey":{"counter":0,"key":"ZeGPchZQ2QsRpOCWbrNcILy7UAG6PaWOjLdEMyyTmqY="},"chainType":1,"messageKeys":{}}},"pendingPreKey":{"signedKeyId":33,"baseKey":"BU7ar2AyeYLt3SaoqfxbuIYFxe+o2Bl6p5hcLzyPvodH","preKeyId":6323560}}},"version":"v1"}