{"_sessions":{"Bb3MZE05cWxqq7elW56/1AbU8LBSBiNY8J7keH1tDlhm":{"registrationId":671839709,"currentRatchet":{"ephemeralKeyPair":{"pubKey":"BftGGoy9mKepLQognALKbBHAmZ8+xEnkUEM0mHhu8Vks","privKey":"mHt3q+9B/FG6cFTuL27XvQiXVeLTuFm+OV97dQeizUk="},"lastRemoteEphemeralKey":"BffZy0MCYW2ozYBWT8KOIEq2JUE+pjrq0X30hxczRp5l","previousCounter":0,"rootKey":"bnGB8frPK6Q8soEmEIa2diybZSHMuz2cf6gM3+AbIU0="},"indexInfo":{"baseKey":"Bb3MZE05cWxqq7elW56/1AbU8LBSBiNY8J7keH1tDlhm","baseKeyType":1,"closed":1705547147372,"used":1705547126259,"created":1704732322810,"remoteIdentityKey":"BROICF3Bu/lQQFqXaqctozvvuamkWliUvC4xUTlD1mUd"},"_chains":{"BffZy0MCYW2ozYBWT8KOIEq2JUE+pjrq0X30hxczRp5l":{"chainKey":{"counter":2,"key":"Y0F92F0P+hluVA2e+q3zT2rNVbKSaSGBZyIMBndPdnU="},"chainType":2,"messageKeys":{}},"BftGGoy9mKepLQognALKbBHAmZ8+xEnkUEM0mHhu8Vks":{"chainKey":{"counter":-1,"key":"4sxKJ3xwlXw/JWGSexS24socL4g3eK6co89rbHcUXis="},"chainType":1,"messageKeys":{}}}},"BRBdhhqSdfLeG914VDSzc6k2CLZ9ca8BvES7aH4q75ki":{"registrationId":1891873347,"currentRatchet":{"ephemeralKeyPair":{"pubKey":"BV7zolEq1A04GiyYwc783SgLF0JhGw96gnC7xjjjmKhg","privKey":"CPXUk09VVApbQ+8YOUobywY9iIfCSw+/mms682sjP3Q="},"lastRemoteEphemeralKey":"BXjfptNqAcYZLSIItZbDBMHDx/mdxjRs7BFiAKs6I7MS","previousCounter":0,"rootKey":"T3nFJeK9nY2SSsQpifKbeGlOd9VwGVibsUfj7OBa30Y="},"indexInfo":{"baseKey":"BRBdhhqSdfLeG914VDSzc6k2CLZ9ca8BvES7aH4q75ki","baseKeyType":2,"closed":-1,"used":1705547147382,"created":1705547147382,"remoteIdentityKey":"BYcQ/RlsdNBgWANGQi9SKa9yuR+ncUXMTCz2kwvLFaZQ"},"_chains":{"BXjfptNqAcYZLSIItZbDBMHDx/mdxjRs7BFiAKs6I7MS":{"chainKey":{"counter":0,"key":"K9dHT4XC14TlSgdIQ+jSvUbj3CdZxd0/bLBgodWskMs="},"chainType":2,"messageKeys":{}},"BV7zolEq1A04GiyYwc783SgLF0JhGw96gnC7xjjjmKhg":{"chainKey":{"counter":1,"key":"AhZP9L1Yplq/M82ZjZX+tqnQSKhXJcTeB30tu1MvUTU="},"chainType":1,"messageKeys":{}}}}},"version":"v1"}