{"_sessions":{"BamqMk1SoL7CtHVODbnwSClADA6MM7BtUjOxVaOosFd0":{"registrationId":1707420227,"currentRatchet":{"ephemeralKeyPair":{"pubKey":"BfL65nFg3hOZyFkIrnBfg5Pr2bgtwQn8bRlnE5k/0nBP","privKey":"cJtxljt9mdD6JdOGBBhD4qjWZgqwVEOQFjJ+HeBJ/1I="},"lastRemoteEphemeralKey":"BVuqqpwY8xPYynQxg8/4kw8pp6wMSUWuLwsf9iMVHdVC","previousCounter":0,"rootKey":"sI+Lp/gCZLx64xma1Wz0PFC/uzRDtrj+2w2/hSijmgg="},"indexInfo":{"baseKey":"BamqMk1SoL7CtHVODbnwSClADA6MM7BtUjOxVaOosFd0","baseKeyType":1,"closed":-1,"used":1704732322618,"created":1704732322618,"remoteIdentityKey":"BSNnFdTlB6+KpCcIC0FHV3uj03fbmCdTEPdWJcJkKbVV"},"_chains":{"BfL65nFg3hOZyFkIrnBfg5Pr2bgtwQn8bRlnE5k/0nBP":{"chainKey":{"counter":2,"key":"cCXq+T6tOjo+JYYUb0OHyNB+2GAOtnAjUg5YS/1A7cY="},"chainType":1,"messageKeys":{}}},"pendingPreKey":{"signedKeyId":7,"baseKey":"BamqMk1SoL7CtHVODbnwSClADA6MM7BtUjOxVaOosFd0","preKeyId":11727}}},"version":"v1"}