{"_sessions":{"Bfz3ucKjYjFEJXHHZZ6EcbWZePJdolR73gFTA/Sk45gx":{"registrationId":16217,"currentRatchet":{"ephemeralKeyPair":{"pubKey":"BUMVUNLr3pmWDmdq82QDsCMYz6G90vRJdSdN8LwC9zEP","privKey":"OHAx3PK+zl8PIRyw9AO5E00cLfM1tzHiVThzP7nOv1c="},"lastRemoteEphemeralKey":"BZfqVei3DTFgcG0T3PihrkFePO0Lny5D4pzot0ixbuYs","previousCounter":0,"rootKey":"P9VYXSmMIRJi7x7js4wr//2pHn9tJ7+dWssAb7roaXo="},"indexInfo":{"baseKey":"Bfz3ucKjYjFEJXHHZZ6EcbWZePJdolR73gFTA/Sk45gx","baseKeyType":1,"closed":-1,"used":1705547159740,"created":1705547159740,"remoteIdentityKey":"BT2nMT7T6P8o2jPzkN3XM23H+cYMoSd/uBmkcEI69zc3"},"_chains":{"BUMVUNLr3pmWDmdq82QDsCMYz6G90vRJdSdN8LwC9zEP":{"chainKey":{"counter":2,"key":"urlGFst5CzdbpGyzEnzjeFHX0P3UbQpDc56YzU5YJ30="},"chainType":1,"messageKeys":{}}},"pendingPreKey":{"signedKeyId":1,"baseKey":"Bfz3ucKjYjFEJXHHZZ6EcbWZePJdolR73gFTA/Sk45gx"}}},"version":"v1"}