{"_sessions":{"Bc/CL/2aWi/ZJV7dIOcuMaRqSON1Iw4AA6GFGBhQ6FEz":{"registrationId":1536418049,"currentRatchet":{"ephemeralKeyPair":{"pubKey":"BdUGAnHqqkNTzv52XORd9LDCTzeHhdf5bNzWZIjCnDwJ","privKey":"ABSXtOiYTUiJoHA/gwf1Nu0Oos/vLzAZtkMHFDzFDUU="},"lastRemoteEphemeralKey":"BcvshmUumNccuCXcB8s8vjUCKgNZycIZR2dO7MuRZWAW","previousCounter":0,"rootKey":"KBZ0/furXPQxohRhpyj7mhBZW97JCQAqx0Ch08/86so="},"indexInfo":{"baseKey":"Bc/CL/2aWi/ZJV7dIOcuMaRqSON1Iw4AA6GFGBhQ6FEz","baseKeyType":2,"closed":-1,"used":1705547139567,"created":1705547139567,"remoteIdentityKey":"BTKYqDS3VJ4lZhQ2jto5uH6jqBwkol+/q4qdyzOlzlxT"},"_chains":{"BcvshmUumNccuCXcB8s8vjUCKgNZycIZR2dO7MuRZWAW":{"chainKey":{"counter":0,"key":"yov9VYjAoroFTPGZJssyjh5eACW7ds6YRNTcmGaRyNA="},"chainType":2,"messageKeys":{}},"BdUGAnHqqkNTzv52XORd9LDCTzeHhdf5bNzWZIjCnDwJ":{"chainKey":{"counter":-1,"key":"ZVpDa0xeEpPNXwtV4mt2F0b2TMrAhhK/CQJxdHWZrHg="},"chainType":1,"messageKeys":{}}}}},"version":"v1"}