{"_sessions":{"BeVwbxWIO7/cRv9lIBTFYBrjVS13FXaBgGVnkpj6ZOhq":{"registrationId":1544040889,"currentRatchet":{"ephemeralKeyPair":{"pubKey":"BXdTm/XVfBYKtl7bIUEeiVjpOyCTWZXmc337tgqkmhl+","privKey":"0IibUXTxZKFfa32ooYuwJDeSAdEh+BHz3K+sgWCddEE="},"lastRemoteEphemeralKey":"BUNJWJNzz8YqcgEd96yl3/+3W2thh0CsCfrwLv1JDYEF","previousCounter":0,"rootKey":"4rnJPxR9VSXoRzPc00QBm3cjqF4FwFqeZ4EwGvoSsU4="},"indexInfo":{"baseKey":"BeVwbxWIO7/cRv9lIBTFYBrjVS13FXaBgGVnkpj6ZOhq","baseKeyType":1,"closed":-1,"used":1704732322359,"created":1704732322359,"remoteIdentityKey":"BWemHePTsNGn2D3uxrtp7QIRkbPeJFeC3jvD4gnl2Zhf"},"_chains":{"BXdTm/XVfBYKtl7bIUEeiVjpOyCTWZXmc337tgqkmhl+":{"chainKey":{"counter":2,"key":"zfI2iXW0F9QsVAp9AugygJNrAXXutmSIAnTPohJf+Q4="},"chainType":1,"messageKeys":{}}},"pendingPreKey":{"signedKeyId":4,"baseKey":"BeVwbxWIO7/cRv9lIBTFYBrjVS13FXaBgGVnkpj6ZOhq"}}},"version":"v1"}