{"_sessions":{"BSywnoDSRapD+CcP93Ue3GVTxBHRv11Q5h5eI+wMgTM7":{"registrationId":1183324524,"currentRatchet":{"ephemeralKeyPair":{"pubKey":"BVgmZoKhUesRnSdL7Avse9WukdjH+M0SFFFRzY0rQuM0","privKey":"CG4nlTnxRnp2i8qCN7ZDEhqDTQ3s1D86IJg+ZFuBrUI="},"lastRemoteEphemeralKey":"BTDvfmgrQv6V212D1siPX2e97/K/zCMVmn9JF5rF2rAH","previousCounter":0,"rootKey":"WxIA7QlWh1DtLlvGN+aylQTijZAMEvK0jk97DRfjh/o="},"indexInfo":{"baseKey":"BSywnoDSRapD+CcP93Ue3GVTxBHRv11Q5h5eI+wMgTM7","baseKeyType":1,"closed":-1,"used":1705547234779,"created":1705547234779,"remoteIdentityKey":"BSuIPy6Zrc8bN0qBzJNaaRojjhhu7/z5APq6qc37E2Ev"},"_chains":{"BVgmZoKhUesRnSdL7Avse9WukdjH+M0SFFFRzY0rQuM0":{"chainKey":{"counter":1,"key":"xkEgkwxABysjkOynV5iMoCvfNx09+3asgHaY9AbtX18="},"chainType":1,"messageKeys":{}}},"pendingPreKey":{"signedKeyId":6,"baseKey":"BSywnoDSRapD+CcP93Ue3GVTxBHRv11Q5h5eI+wMgTM7","preKeyId":6140916}}},"version":"v1"}