{"_sessions":{"BXDnboTHPV83TjlOLxVbEqAsWV7o/OhbZ3nS1/UIDkEd":{"registrationId":336210809,"currentRatchet":{"ephemeralKeyPair":{"pubKey":"BS/CwfQhtFJBLAz+tLd6UchaDH2F0PWdAlJi78lI0dlJ","privKey":"UF6mxuHZliUrKnGNgtJ7IzSma9ixPGa4DE68QhZnjko="},"lastRemoteEphemeralKey":"BRtDu1r6fAO+xi1qv6eWWTdxWNCIet7dpbM4aEnt+/dM","previousCounter":0,"rootKey":"33+nNUwSUTREfinBXSCJw16VbLMpyoC5bVE9bg0QBB8="},"indexInfo":{"baseKey":"BXDnboTHPV83TjlOLxVbEqAsWV7o/OhbZ3nS1/UIDkEd","baseKeyType":1,"closed":-1,"used":1704732323018,"created":1704732323018,"remoteIdentityKey":"BabLWYOEBRivug6c+EkyZROzHcfssrw4thRVD3q2vHBO"},"_chains":{"BS/CwfQhtFJBLAz+tLd6UchaDH2F0PWdAlJi78lI0dlJ":{"chainKey":{"counter":0,"key":"FQXHpmGWi+Fw7Qv7k4w8vbcfRmm+4fX515XJk3x7Rb8="},"chainType":1,"messageKeys":{}}},"pendingPreKey":{"signedKeyId":2,"baseKey":"BXDnboTHPV83TjlOLxVbEqAsWV7o/OhbZ3nS1/UIDkEd"}}},"version":"v1"}