{"_sessions":{"BcOMTTs7mx3VafL09bmjpEi/FYcrnu4hunlK+XP09b87":{"registrationId":1405258191,"currentRatchet":{"ephemeralKeyPair":{"pubKey":"BTwWyC0eVvhmOCLGz+qjxnVXSLvXin80z9q6HYjcT8YG","privKey":"eHG3USkCvQRhPNtm/BZyxqAXB/DQ2gUv+LhH63RRjkE="},"lastRemoteEphemeralKey":"BRUICAlzKm5k6Kh3nxSXy2i2GhN7sALq0jtXWs3a4PZr","previousCounter":0,"rootKey":"4q61o7j1QMkGnJ6ywHWi8/tDJsnRp3dHV+EowvtAx9Q="},"indexInfo":{"baseKey":"BcOMTTs7mx3VafL09bmjpEi/FYcrnu4hunlK+XP09b87","baseKeyType":1,"closed":-1,"used":1704732322379,"created":1704732322379,"remoteIdentityKey":"BU2K6coPeK4aY7eVwUY4siSWlOc8mPqQjNL6yoCfkZtq"},"_chains":{"BTwWyC0eVvhmOCLGz+qjxnVXSLvXin80z9q6HYjcT8YG":{"chainKey":{"counter":2,"key":"X+yzhIa5EblbUw3FgpLKGcRxV33mBsNxjj0he4NaHmw="},"chainType":1,"messageKeys":{}}},"pendingPreKey":{"signedKeyId":3,"baseKey":"BcOMTTs7mx3VafL09bmjpEi/FYcrnu4hunlK+XP09b87","preKeyId":2578236}}},"version":"v1"}