{"_sessions":{"BZePn3mNVkTBMxc2nv+QUcPBEoDafthyulL1MNGn3Xd0":{"registrationId":455945862,"currentRatchet":{"ephemeralKeyPair":{"pubKey":"BQplcdjnoVlhqNVDkA7Ic8RevFGIZ2x8bRg4dr4nMRlj","privKey":"aGwrGctXNAOzmxiKbokA93tD4lHrPCvaNpaKE6l9v0c="},"lastRemoteEphemeralKey":"BWGE0IwwtGrezJ9rwVvsVVcd5J0S3H+cc7d6xUdLZhs1","previousCounter":0,"rootKey":"ftq6yuenFBWs3rj79GbDL+5akOqD3nb2FDixYSnIobg="},"indexInfo":{"baseKey":"BZePn3mNVkTBMxc2nv+QUcPBEoDafthyulL1MNGn3Xd0","baseKeyType":1,"closed":-1,"used":1704732323053,"created":1704732323053,"remoteIdentityKey":"BQ/o/7D/btmXVLy0aKJoJzreCJRzlZDGvNjTh5SUS49X"},"_chains":{"BQplcdjnoVlhqNVDkA7Ic8RevFGIZ2x8bRg4dr4nMRlj":{"chainKey":{"counter":2,"key":"/4FM/rjdcXrP+fFi5ZjvPt87Lv4pnSzhBW7SGgDFCJk="},"chainType":1,"messageKeys":{}}},"pendingPreKey":{"signedKeyId":0,"baseKey":"BZePn3mNVkTBMxc2nv+QUcPBEoDafthyulL1MNGn3Xd0"}}},"version":"v1"}