{"_sessions":{"Bd5sAxniOJ8u9GsgRuUiXrE6FQXZPdTE8uJpT7dIbwga":{"registrationId":12965,"currentRatchet":{"ephemeralKeyPair":{"pubKey":"BVQbaHsdon9SDrdqOGguLZQmLBNkZvDbWNw7osA43ghy","privKey":"MJdd5HQi7Eq3EgwomCDq7mzS0qJnqTHQQj2zbq9BmX8="},"lastRemoteEphemeralKey":"BSqzKN8GWt0MmtudEvWzkuj8ulkswglTB3cTR9PQO+5f","previousCounter":0,"rootKey":"7dMZBA4WxGfgdZ0z0c3aFPs0bzpRQVCcSaEz8Hnb+Tg="},"indexInfo":{"baseKey":"Bd5sAxniOJ8u9GsgRuUiXrE6FQXZPdTE8uJpT7dIbwga","baseKeyType":1,"closed":-1,"used":1704732322095,"created":1704732322095,"remoteIdentityKey":"BQD/CXnELyGz22OcsYQ1psdSF+lGwTX14+pMVDZu8J5T"},"_chains":{"BVQbaHsdon9SDrdqOGguLZQmLBNkZvDbWNw7osA43ghy":{"chainKey":{"counter":2,"key":"YdaVEXNNbsSwTBUeEQiLhzuiHp5nlml0G0Pc8SpSiVY="},"chainType":1,"messageKeys":{}}},"pendingPreKey":{"signedKeyId":2,"baseKey":"Bd5sAxniOJ8u9GsgRuUiXrE6FQXZPdTE8uJpT7dIbwga","preKeyId":2861}}},"version":"v1"}