{"_sessions":{"BUg36zCUq96EWbTE8w1uNbv1XSEEcgZPGwfF5O7fNNRc":{"registrationId":14497,"currentRatchet":{"ephemeralKeyPair":{"pubKey":"BW1RhZg+OyVYyqcQ7MFe0nDxLVZGBDEl1La5QshAi+96","privKey":"wD2kWuVIwTHUxUR2M6oRv7B4SERcZiyFTKIzppA97V0="},"lastRemoteEphemeralKey":"BZcesLWfmwN0sg0l/NhfrgyCuUBgtQzuS2Xs8mMcUXcK","previousCounter":0,"rootKey":"lRVd3UfWzSMfs87hgWyL+fQAJjY/W9PdZaFVrWPE2C0="},"indexInfo":{"baseKey":"BUg36zCUq96EWbTE8w1uNbv1XSEEcgZPGwfF5O7fNNRc","baseKeyType":1,"closed":-1,"used":1704732322278,"created":1704732322278,"remoteIdentityKey":"Bdu4EkDW1uHsU5kVMCQr9G1uxTHFc3eFP0ndyCIrtQ1v"},"_chains":{"BW1RhZg+OyVYyqcQ7MFe0nDxLVZGBDEl1La5QshAi+96":{"chainKey":{"counter":0,"key":"79cO91H5qHGhA/2x1JD0+5MJyzmbiYD7x/VT0pJi8rE="},"chainType":1,"messageKeys":{}}},"pendingPreKey":{"signedKeyId":1,"baseKey":"BUg36zCUq96EWbTE8w1uNbv1XSEEcgZPGwfF5O7fNNRc"}}},"version":"v1"}