{"_sessions":{"BUklacxNMW2eP9hGHdznIP8Tyi0bJEUZQUHFFPHQQNAB":{"registrationId":1427212481,"currentRatchet":{"ephemeralKeyPair":{"pubKey":"BeGqLiixO2B5lbs4iN/9j/lmH1YFP41yCEBbISlk5Vo2","privKey":"uHIqn6k7uwSdq9n3AP3WWh4zkMw/rV1HmqLfpITGpXI="},"lastRemoteEphemeralKey":"BccbY7gp1eU2jTCs/MoDjNQBk3lUnGK7qtu8uAKbiWxp","previousCounter":0,"rootKey":"md+i+MRiXWASu0p3yZxN2yoI2l1cfdvJ3BUW5kb7Q48="},"indexInfo":{"baseKey":"BUklacxNMW2eP9hGHdznIP8Tyi0bJEUZQUHFFPHQQNAB","baseKeyType":2,"closed":-1,"used":1705547132801,"created":1705547132801,"remoteIdentityKey":"BTihCiQFCdBsWavZbGCq7mkAu96jeIshbk9w3dZxSG41"},"_chains":{"BccbY7gp1eU2jTCs/MoDjNQBk3lUnGK7qtu8uAKbiWxp":{"chainKey":{"counter":3,"key":"u1Iz7AISUHzgg0xOp3g8vMYhbMPq1ANX2MeMfBSLpSw="},"chainType":2,"messageKeys":{"1":"rNoV084IAIo/Y6V0QDeC8dHL+2lejZeinFjefdgFotY="}},"BeGqLiixO2B5lbs4iN/9j/lmH1YFP41yCEBbISlk5Vo2":{"chainKey":{"counter":-1,"key":"wx0fnG/Hhsl6VCWUD7iJvrLqv6OU3qmdMMndJIjOeWU="},"chainType":1,"messageKeys":{}}}}},"version":"v1"}