{"_sessions":{"BYJX7y1WkyoTw4/VftZo0je1Ayo9bACoF180ya6DPoMi":{"registrationId":2067148136,"currentRatchet":{"ephemeralKeyPair":{"pubKey":"BSb+WFr+JTV9R17AZdqH9OOfKRmUGqp1JYKv4jkEsBFB","privKey":"OGTELCHxNKYBwt+eb7JrHiktdEfVmA336Plx1ghRhEw="},"lastRemoteEphemeralKey":"BVKu0l4oSKbvOu1HDLWOkdmsfUcpfVOjn/XQHzJ57S99","previousCounter":0,"rootKey":"M7F4d8JGebZzXlfIpNqg6Ws2lST0C2Onhr8XOkd28+E="},"indexInfo":{"baseKey":"BYJX7y1WkyoTw4/VftZo0je1Ayo9bACoF180ya6DPoMi","baseKeyType":1,"closed":-1,"used":1704732322830,"created":1704732322830,"remoteIdentityKey":"BYbnUnc+ujgZfJIIHjKKrFeGAOwfIV3jnz0hpWpf7hRf"},"_chains":{"BSb+WFr+JTV9R17AZdqH9OOfKRmUGqp1JYKv4jkEsBFB":{"chainKey":{"counter":2,"key":"NXTyy1HeWZfNihvXr6QF3l/YgQ3N0svrM2TW2dwvg3Q="},"chainType":1,"messageKeys":{}}},"pendingPreKey":{"signedKeyId":0,"baseKey":"BYJX7y1WkyoTw4/VftZo0je1Ayo9bACoF180ya6DPoMi","preKeyId":5239217}}},"version":"v1"}