{"_sessions":{"Bcpp/mF8860pu46UbQe21TyxKWJm8bJ+7Aq4LVkEVu14":{"registrationId":877544042,"currentRatchet":{"ephemeralKeyPair":{"pubKey":"BWkjODfFrGtXso7GkF+JOFDj8hGB+V6uG1ROLEA80th3","privKey":"KO/Gh4PfFKcPm08zbajGW7uNXpH4Mp4+tDUd3o2z3Fo="},"lastRemoteEphemeralKey":"BQVSVh+HpAphKfBVElidx2+eKcHaqBRlqOni7fNWBOYo","previousCounter":0,"rootKey":"g9fWJvYCbF1fgADeJMfGl1nyjm2gmIBCebGsr6t8bzY="},"indexInfo":{"baseKey":"Bcpp/mF8860pu46UbQe21TyxKWJm8bJ+7Aq4LVkEVu14","baseKeyType":1,"closed":-1,"used":1704732322902,"created":1704732322902,"remoteIdentityKey":"BY5QXzq6sn/nNwkGOeJUOI3wHx/c2RVFZSrUBsV1D+9w"},"_chains":{"BWkjODfFrGtXso7GkF+JOFDj8hGB+V6uG1ROLEA80th3":{"chainKey":{"counter":2,"key":"xdgmkXZa/M6QNxySmZL4SfNRaHLgPVW13+xDDqCXkXA="},"chainType":1,"messageKeys":{}}},"pendingPreKey":{"signedKeyId":0,"baseKey":"Bcpp/mF8860pu46UbQe21TyxKWJm8bJ+7Aq4LVkEVu14"}}},"version":"v1"}