{"_sessions":{"BTpqJS6bLyQS4UVLsN/eUVbinjGznoSrlvJ9HWE3QSlu":{"registrationId":690453062,"currentRatchet":{"ephemeralKeyPair":{"pubKey":"BaOKlVt/gm526EmKeSprgeSZCJcTJH/FQDypVPCtMctk","privKey":"8JCfs6Hsi40bRXM999HsnSkqPglZd/1yACNp0AggaFg="},"lastRemoteEphemeralKey":"BRg2zWc8wh9Lmyar0BKPDHn4qVr1jPBJ3QAlyyvU+eR9","previousCounter":0,"rootKey":"FWMTJfZfdMBJgHs0U9AI2YdoqeSX4dTlQoBxR4NUEf4="},"indexInfo":{"baseKey":"BTpqJS6bLyQS4UVLsN/eUVbinjGznoSrlvJ9HWE3QSlu","baseKeyType":1,"closed":-1,"used":1705547119112,"created":1704732322961,"remoteIdentityKey":"BbOXOCM3nNpXodIR1hkwmc3k+gPNQQLzwAhQAg5kbox2"},"_chains":{"BRg2zWc8wh9Lmyar0BKPDHn4qVr1jPBJ3QAlyyvU+eR9":{"chainKey":{"counter":0,"key":"hntkFBXT+VYTrZowb5CzPplANfYZT32P8ofBnLkUeqc="},"chainType":2,"messageKeys":{}},"BaOKlVt/gm526EmKeSprgeSZCJcTJH/FQDypVPCtMctk":{"chainKey":{"counter":-1,"key":"6LVrG9Vr5ghPcNeBhOM+fwJ8nuqUVZcRFETRmb2h3EQ="},"chainType":1,"messageKeys":{}}}}},"version":"v1"}