{"_sessions":{"BZAsucO1d/t4jg3LE6Q1NEJzgnJ7mPEefIzlzVPJ3bMQ":{"registrationId":1927189153,"currentRatchet":{"ephemeralKeyPair":{"pubKey":"BWEXl1ukih1qcgT7CpL/oL6tNBIelpjx7bRw4OAX9wZR","privKey":"OJHcLrSbaQ8/UZXJnN5ueD/F7Z2zKBycHeG9I3b4v1U="},"lastRemoteEphemeralKey":"BTe3UH1LchUmN6h2T0VrvUpfM/2h1jZa89HJQBxH74hL","previousCounter":0,"rootKey":"L0YzT7RKQQSOKMtBQC1sxYIsXLtQQiRw0IvaxtO9Gnc="},"indexInfo":{"baseKey":"BZAsucO1d/t4jg3LE6Q1NEJzgnJ7mPEefIzlzVPJ3bMQ","baseKeyType":1,"closed":-1,"used":1704732322416,"created":1704732322416,"remoteIdentityKey":"BfmpgfxLfCs3YFdhf2sqPqNz/rLIMzxoSxu9WPGRt3In"},"_chains":{"BWEXl1ukih1qcgT7CpL/oL6tNBIelpjx7bRw4OAX9wZR":{"chainKey":{"counter":2,"key":"lkoaZ3EZWuzOqARytM2r7QeAhnjr6ZgL8J6QLHRUD3U="},"chainType":1,"messageKeys":{}}},"pendingPreKey":{"signedKeyId":1,"baseKey":"BZAsucO1d/t4jg3LE6Q1NEJzgnJ7mPEefIzlzVPJ3bMQ","preKeyId":9097243}}},"version":"v1"}