{"_sessions":{"BQlNuTLXIu15SBj7PKQvwQYV+i42VTGloP25LdGUTKdc":{"registrationId":404668861,"currentRatchet":{"ephemeralKeyPair":{"pubKey":"BRC7TrMVW0q3lteJARHrWBWUZiEnh2xApUQkAZSdJPJv","privKey":"4J0Gsp8OsKG8UKzguoIDbAGfc+hIaVXWj7JOCia+XUg="},"lastRemoteEphemeralKey":"Bfu/2rGJsV+SS5blR8zSQEDJWOYEUyvRE6kqUd9pHE05","previousCounter":0,"rootKey":"Rh5/fO5IGXNR0p3Mz5Wxa0Qa7dHnj/7WRlGo7JDL8Ws="},"indexInfo":{"baseKey":"BQlNuTLXIu15SBj7PKQvwQYV+i42VTGloP25LdGUTKdc","baseKeyType":1,"closed":1705547253064,"used":1704732322981,"created":1704732322981,"remoteIdentityKey":"BWsyPg2RS/MvT+ANwxXitcAasjNMZjp36AMf1yPal08m"},"_chains":{"BRC7TrMVW0q3lteJARHrWBWUZiEnh2xApUQkAZSdJPJv":{"chainKey":{"counter":1,"key":"zBu/29oGqpXWt/k/LXSiusUZHtjlc4qpSMcphNVafyQ="},"chainType":1,"messageKeys":{}}},"pendingPreKey":{"signedKeyId":0,"baseKey":"BQlNuTLXIu15SBj7PKQvwQYV+i42VTGloP25LdGUTKdc","preKeyId":14750720}},"BQ8AQhf+5nWSrViEJJ9Ux5Kq3Lrk3SqY6urle06NcTop":{"registrationId":1238070589,"currentRatchet":{"ephemeralKeyPair":{"pubKey":"Bak/M/Ax+1yN3RQQ3J9YbHoe2YA+KwyWM7op8sjHQY9p","privKey":"WOBw3kObw2fX0KmgH0SLvNQqn75ZX7rpy9pfhGEhvWk="},"lastRemoteEphemeralKey":"Bf00EtEUIFLovSb4w7THAAQMKMUhDxABKpHv57gU8FBs","previousCounter":0,"rootKey":"VSznCEfFChltGw7FE2vLariA9SEcIPCWf/DO3/74rto="},"indexInfo":{"baseKey":"BQ8AQhf+5nWSrViEJJ9Ux5Kq3Lrk3SqY6urle06NcTop","baseKeyType":1,"closed":-1,"used":1705547253045,"created":1705547253045,"remoteIdentityKey":"BT4j/atrWYjHjc1lsh53NtY5nEVxnyeH1ZQB6xmrhHQ1"},"_chains":{"Bak/M/Ax+1yN3RQQ3J9YbHoe2YA+KwyWM7op8sjHQY9p":{"chainKey":{"counter":0,"key":"l2a9lTBPvg6LK5OicDSpwh8d981vUJBaaJjBsiTjte0="},"chainType":1,"messageKeys":{}}},"pendingPreKey":{"signedKeyId":0,"baseKey":"BQ8AQhf+5nWSrViEJJ9Ux5Kq3Lrk3SqY6urle06NcTop","preKeyId":3798292}}},"version":"v1"}