{"_sessions":{"BZe0XJJcIDd8fAJ0iPDX7pgoOZVUIrM6Z4XB6UXjILpr":{"registrationId":941278074,"currentRatchet":{"ephemeralKeyPair":{"pubKey":"BblTSqTjJaXAx21VKRoot2QqUm9IJ+N7aKDJ4KpHWYFE","privKey":"CNjcrEyK0bEiLJNRcg/Y54xvq+/4gNGswUX3esiWGmk="},"lastRemoteEphemeralKey":"BU8OFOetGu4JmwFv6IyVDj6v6INqh4KMTefDCRaKWXUZ","previousCounter":0,"rootKey":"NG48qCMJ+RpRIIa4nFi+mI/W2A/ibOK1AHXnzMjTmOw="},"indexInfo":{"baseKey":"BZe0XJJcIDd8fAJ0iPDX7pgoOZVUIrM6Z4XB6UXjILpr","baseKeyType":1,"closed":1705547133504,"used":1704732322772,"created":1704732322772,"remoteIdentityKey":"Be2kzy8ufGzyiS4KYTFBuCcvW5QzDBAwSbggylnWt9Vc"},"_chains":{"BblTSqTjJaXAx21VKRoot2QqUm9IJ+N7aKDJ4KpHWYFE":{"chainKey":{"counter":0,"key":"xNE5nzL5KEPLurvzAEPYFLeK/MoY33Ihy3A0kC7bmOY="},"chainType":1,"messageKeys":{}}},"pendingPreKey":{"signedKeyId":0,"baseKey":"BZe0XJJcIDd8fAJ0iPDX7pgoOZVUIrM6Z4XB6UXjILpr","preKeyId":6603118}},"BdTXy2pwEzS8rAuWB+hsVp45MhAXjAiWAiTcat3xon0q":{"registrationId":1116720922,"currentRatchet":{"ephemeralKeyPair":{"pubKey":"BShZCPXoMdzgvynNjE8+lC55wzDsKvyBPXB5CYES4h9C","privKey":"8I3w93bdhEN4eKTsiUN653f5o/jrIt0wXEKPq+sDwVs="},"lastRemoteEphemeralKey":"BTooC0aWzfQwSBpxygJuIQUB9GCilkU3pmZW2qZFvTpm","previousCounter":0,"rootKey":"fG92h2acDdCqY3GGj17T/sQ93OjyjgIrLegZu4Tbdsg="},"indexInfo":{"baseKey":"BdTXy2pwEzS8rAuWB+hsVp45MhAXjAiWAiTcat3xon0q","baseKeyType":1,"closed":1705547133924,"used":1705547133466,"created":1705547133466,"remoteIdentityKey":"BcNiC9pRwX3SM+gV4hO1rwMSnwYSkq8mCTaN7sJUHe8i"},"_chains":{"BShZCPXoMdzgvynNjE8+lC55wzDsKvyBPXB5CYES4h9C":{"chainKey":{"counter":-1,"key":"5lJaCMruD+glCfOAsurQk4VHeaEyvc2kpOkq+x7KQT8="},"chainType":1,"messageKeys":{}}},"pendingPreKey":{"signedKeyId":0,"baseKey":"BdTXy2pwEzS8rAuWB+hsVp45MhAXjAiWAiTcat3xon0q","preKeyId":7427069}},"BRcj7ymeK64GxXQwXxH9e4ez4hSDRlJjTmMh5tajU9wi":{"registrationId":1116720922,"currentRatchet":{"ephemeralKeyPair":{"pubKey":"BbJI8IXb9cTKBfSdtBsuK2sJuVSKL2k+GNkKDKoBt4AM","privKey":"oAozS4LApdVXykkt+U57MGcD4FR0K9MmmgoenqPUvl4="},"lastRemoteEphemeralKey":"BTooC0aWzfQwSBpxygJuIQUB9GCilkU3pmZW2qZFvTpm","previousCounter":0,"rootKey":"gt7ewpsHio/y4GzQYVf6IkNO4Gq+oP8+b6jdr5uIJBw="},"indexInfo":{"baseKey":"BRcj7ymeK64GxXQwXxH9e4ez4hSDRlJjTmMh5tajU9wi","baseKeyType":1,"closed":1705547133981,"used":1705547133909,"created":1705547133909,"remoteIdentityKey":"BcNiC9pRwX3SM+gV4hO1rwMSnwYSkq8mCTaN7sJUHe8i"},"_chains":{"BbJI8IXb9cTKBfSdtBsuK2sJuVSKL2k+GNkKDKoBt4AM":{"chainKey":{"counter":-1,"key":"QozAAgEmGpKLscvRHDL0Czg5eTYcZShbAEhXAw8mf40="},"chainType":1,"messageKeys":{}}},"pendingPreKey":{"signedKeyId":0,"baseKey":"BRcj7ymeK64GxXQwXxH9e4ez4hSDRlJjTmMh5tajU9wi","preKeyId":7427061}},"BflFTjho4wlXXPsB9pgrherEPZyHYFcRyxM6QYJi4PEd":{"registrationId":1116720922,"currentRatchet":{"ephemeralKeyPair":{"pubKey":"BWEHmbk+nX0E0Lw5l5ogOxMx6pD/QIDBFKEOXtF5KTww","privKey":"6M/viF+XAsxn1j+IDqGOmmZ25d6x/YWlhLvx6Dy2InY="},"lastRemoteEphemeralKey":"BSIHztfzMDzjVJmhpbfEDdizqbBsyKYUWuAKgvggxe49","previousCounter":0,"rootKey":"B2nF3A7v1vc0wVsfrDm68QPdIelBMu3DNrIvMGHSDug="},"indexInfo":{"baseKey":"BflFTjho4wlXXPsB9pgrherEPZyHYFcRyxM6QYJi4PEd","baseKeyType":2,"closed":-1,"used":1705547133996,"created":1705547133996,"remoteIdentityKey":"BcNiC9pRwX3SM+gV4hO1rwMSnwYSkq8mCTaN7sJUHe8i"},"_chains":{"BSIHztfzMDzjVJmhpbfEDdizqbBsyKYUWuAKgvggxe49":{"chainKey":{"counter":0,"key":"vYUFFnzEqP5ue/aI+tn62IJ509HrDYgy1dyJDAgU1L8="},"chainType":2,"messageKeys":{}},"BWEHmbk+nX0E0Lw5l5ogOxMx6pD/QIDBFKEOXtF5KTww":{"chainKey":{"counter":1,"key":"mCITgQCOme29lxMuz0HDh0WFhvGy2UaSkOlFpPS6w5k="},"chainType":1,"messageKeys":{}}}}},"version":"v1"}