{"_sessions":{"Bee+l1IsanRXAupOGeDy4luz8KEfEMswSd4epEeuPlMc":{"registrationId":268589521,"currentRatchet":{"ephemeralKeyPair":{"pubKey":"Bc50BilZvnangtVolmtUGpoBD/V9DS3hbc1DHSN96K4U","privKey":"AHDzF7XXq1AYQ2wcE+kXmZx8EAu4fw4aES0jC+xFlWY="},"lastRemoteEphemeralKey":"BTUAhpidaq4B6g+2/MNzLYGMoS1FjHloLFf8j0W2iY1/","previousCounter":0,"rootKey":"kGemR9XCONKOYOlBPJ9dc1a0lvE4tRDOe3DO5Jn1MFo="},"indexInfo":{"baseKey":"Bee+l1IsanRXAupOGeDy4luz8KEfEMswSd4epEeuPlMc","baseKeyType":1,"closed":-1,"used":1704732322319,"created":1704732322319,"remoteIdentityKey":"BZA9ICixiV1OPkqD5GwxYK+T7YJ0WmupvTR9nWx2fiA5"},"_chains":{"Bc50BilZvnangtVolmtUGpoBD/V9DS3hbc1DHSN96K4U":{"chainKey":{"counter":2,"key":"ItspF4dEC3O40q9YD5GTURDRhKbalJ+EAj1ptDfQ6rs="},"chainType":1,"messageKeys":{}}},"pendingPreKey":{"signedKeyId":0,"baseKey":"Bee+l1IsanRXAupOGeDy4luz8KEfEMswSd4epEeuPlMc"}}},"version":"v1"}