{"_sessions":{"BbWT97cbtk8p5MSSOfyQ2tseKAKK276PuSH4wtAJVU8I":{"registrationId":1725,"currentRatchet":{"ephemeralKeyPair":{"pubKey":"BRbYGjs63y5YGPkjnVKfD+VR9lnat53nf0xPwoP40cly","privKey":"qKUvf/+BGsPQ2jy+SYps75juy9/v3Nfulejb8lgzGXU="},"lastRemoteEphemeralKey":"Bba2gYKk59zQp6hT/Q/JOYiOiJp3xotyv3JPWzhWrcZ0","previousCounter":0,"rootKey":"E6JzNqlFPWr9FIQK5Qxb06Bv2Q/XjJl2EnnqHINih+k="},"indexInfo":{"baseKey":"BbWT97cbtk8p5MSSOfyQ2tseKAKK276PuSH4wtAJVU8I","baseKeyType":1,"closed":-1,"used":1704732322182,"created":1704732322182,"remoteIdentityKey":"BU96R7NpWK02RT9Sne/aXOpToGZsUlnTfE7jKMyOXdUe"},"_chains":{"BRbYGjs63y5YGPkjnVKfD+VR9lnat53nf0xPwoP40cly":{"chainKey":{"counter":2,"key":"Llc82IzX9FD8+CPXz7Wp3HbEyvb1qLgXVDvifwQC+Ng="},"chainType":1,"messageKeys":{}}},"pendingPreKey":{"signedKeyId":1,"baseKey":"BbWT97cbtk8p5MSSOfyQ2tseKAKK276PuSH4wtAJVU8I","preKeyId":160}}},"version":"v1"}