{"_sessions":{"BTIH8aRm/BRKP2v9uyNpkdR5FOKFvD9Acixs0wfag3EV":{"registrationId":112797356,"currentRatchet":{"ephemeralKeyPair":{"pubKey":"BdGPR5d5PSmtqElOeO8DxA1ga8eH5aCQ5CSoK9XSxskL","privKey":"eJigP8gVJx2LhVMEGlhi7EJOeXsnqdHfoaN9HgOPw2w="},"lastRemoteEphemeralKey":"BfFIw3CUtgIkzn6+dauOlyZFtIMau9nJbkctDK4RL804","previousCounter":0,"rootKey":"L05Y/tN+z0ZgQnTdXRTw5ChaicUCDbTbskL0xoE8ulU="},"indexInfo":{"baseKey":"BTIH8aRm/BRKP2v9uyNpkdR5FOKFvD9Acixs0wfag3EV","baseKeyType":1,"closed":-1,"used":1704732322481,"created":1704732322481,"remoteIdentityKey":"BUqVlEcB8/nqeGqE6RzCnwPoV+DfrP2URMxLWyGDs7ka"},"_chains":{"BdGPR5d5PSmtqElOeO8DxA1ga8eH5aCQ5CSoK9XSxskL":{"chainKey":{"counter":2,"key":"NGHEqu0GcAdI/e2OId9ZDHx2e5e4uD2vn+jXkXMP+l4="},"chainType":1,"messageKeys":{}}},"pendingPreKey":{"signedKeyId":3,"baseKey":"BTIH8aRm/BRKP2v9uyNpkdR5FOKFvD9Acixs0wfag3EV","preKeyId":16324031}}},"version":"v1"}