{"_sessions":{"BaQSuJDnFNdGtAmJ4U4aE0onthc4qhF07Za6tb3OGB0w":{"registrationId":1077003220,"currentRatchet":{"ephemeralKeyPair":{"pubKey":"BflLFvQ4Fhzb+wneRANF/FzM46RqAULER5Tgj0HrMnIM","privKey":"IG5i/ersXDtb6rqgRFPxMbT2FTv2v3BjF7+5McgqoFI="},"lastRemoteEphemeralKey":"BewvygGOz+pM2abhp95Lo1Ke1IK1q2+VTZHGes93QkFW","previousCounter":0,"rootKey":"/hkLA7+zzHs9MJdI0vjEkvSSG1AmGsWh8MdZmMxRr5k="},"indexInfo":{"baseKey":"BaQSuJDnFNdGtAmJ4U4aE0onthc4qhF07Za6tb3OGB0w","baseKeyType":1,"closed":-1,"used":1704732322341,"created":1704732322341,"remoteIdentityKey":"BSlJGzflE6XZ1ZYFvFS8SUYjYjultYLKS7XrNtcED898"},"_chains":{"BflLFvQ4Fhzb+wneRANF/FzM46RqAULER5Tgj0HrMnIM":{"chainKey":{"counter":2,"key":"sVfUvQ/4RQvYPvuh7XjPeHhuvu1IiXAlZJp78NznO68="},"chainType":1,"messageKeys":{}}},"pendingPreKey":{"signedKeyId":3,"baseKey":"BaQSuJDnFNdGtAmJ4U4aE0onthc4qhF07Za6tb3OGB0w","preKeyId":7512762}}},"version":"v1"}