{"_sessions":{"BT9vkCOZ90usNolNkx72RaOMa1LCOcFMmXzs4Wek0TlE":{"registrationId":1478317411,"currentRatchet":{"ephemeralKeyPair":{"pubKey":"BVVX73bzsJC0Q3HvjBkDOpCMm2okM4aZrNfBA+5yREId","privKey":"mNKeV4fe02LcuIBvaeS5iVxCSiUXJfE6tQfFcpOp5m4="},"lastRemoteEphemeralKey":"BQoNtUJE+HYIynGsEJt7KSEawDHdWPd7TvZWfkDtdg9b","previousCounter":0,"rootKey":"linFSUEuYEIS1f/XVjSNxJog9pxaVwjdOMZIZIhOCBo="},"indexInfo":{"baseKey":"BT9vkCOZ90usNolNkx72RaOMa1LCOcFMmXzs4Wek0TlE","baseKeyType":1,"closed":-1,"used":1704732322141,"created":1704732322141,"remoteIdentityKey":"Bew96G0751lMMikrdVcflW3wGp/hCA35H2uApnwVB6t9"},"_chains":{"BVVX73bzsJC0Q3HvjBkDOpCMm2okM4aZrNfBA+5yREId":{"chainKey":{"counter":2,"key":"eUga1IfSE06B4OfEY7Lj37D6UeJ+Yr5E5GmmYgMD5lU="},"chainType":1,"messageKeys":{}}},"pendingPreKey":{"signedKeyId":7,"baseKey":"BT9vkCOZ90usNolNkx72RaOMa1LCOcFMmXzs4Wek0TlE","preKeyId":7745036}}},"version":"v1"}