{"_sessions":{"BSKM0bJtQQQOVPZfSs32BHhvZPSC+1/AX5K1qgpOh/px":{"registrationId":377874401,"currentRatchet":{"ephemeralKeyPair":{"pubKey":"BWCoucAR/SohzPjnQQr15VTQ7fjdIS7TqPptMbA0nQ8e","privKey":"uDH7qFMKmtoQCmfGZuiHaVfLITaqrOkbrtIeXv9LXFM="},"lastRemoteEphemeralKey":"BW3AMYyms07V/QwQ3yytIsncQ6gLI0yQpxNhYQW9HBIY","previousCounter":0,"rootKey":"wh+h4pfYgjJeXwbRPgIHCFAH/k3zljFfrpkg5uyMEug="},"indexInfo":{"baseKey":"BSKM0bJtQQQOVPZfSs32BHhvZPSC+1/AX5K1qgpOh/px","baseKeyType":1,"closed":-1,"used":1705547140417,"created":1704732323001,"remoteIdentityKey":"BdxX3ZbT+Ca4JkqHvhiutOfr1g29Gn8+VjZpAcxFVPgQ"},"_chains":{"BW3AMYyms07V/QwQ3yytIsncQ6gLI0yQpxNhYQW9HBIY":{"chainKey":{"counter":2,"key":"eQv2GyFTqW9f9JPxtGksj8jEX70jpKwdrP6AgSmbVJQ="},"chainType":2,"messageKeys":{}},"BWCoucAR/SohzPjnQQr15VTQ7fjdIS7TqPptMbA0nQ8e":{"chainKey":{"counter":1,"key":"dVviSUzhwPGnny1W6lFArqgSIdEc2aP6IpDqVBok6cw="},"chainType":1,"messageKeys":{}}}}},"version":"v1"}