{"_sessions":{"Bb+zGSB+qPbHQVl1axayuB7gBC9BcoG4gpNj59XkqdY3":{"registrationId":387289463,"currentRatchet":{"ephemeralKeyPair":{"pubKey":"BZToacBYBvCcn298r0x4xS9/1vBh6syHkHtjTP2VXdoL","privKey":"wHoMYjBRq/pcS2DWkL5bFQ5x/tKKNZp7pIap1yfRvWw="},"lastRemoteEphemeralKey":"BbQWBjeDm47KSkagfwE2QVMnlfme35qALZ/cLAWdbGto","previousCounter":0,"rootKey":"2By3t/uja6ONRkj65VydGnUqlnUnhfWVbMoLPyQu33o="},"indexInfo":{"baseKey":"Bb+zGSB+qPbHQVl1axayuB7gBC9BcoG4gpNj59XkqdY3","baseKeyType":1,"closed":-1,"used":1704732322300,"created":1704732322300,"remoteIdentityKey":"Bbgkx7w0NYMwcZhriRIbaf1nEdPIQ/i3T4kUGyxGQxsw"},"_chains":{"BZToacBYBvCcn298r0x4xS9/1vBh6syHkHtjTP2VXdoL":{"chainKey":{"counter":2,"key":"yVrsaBqUyO0jOicYgp9mm7h+h5Cw7v8JWq7TEk4H8go="},"chainType":1,"messageKeys":{}}},"pendingPreKey":{"signedKeyId":16124897,"baseKey":"Bb+zGSB+qPbHQVl1axayuB7gBC9BcoG4gpNj59XkqdY3","preKeyId":12427}}},"version":"v1"}