{"_sessions":{"BeHn4FLyj4N6gmH1T9ATmGB08M1N3VCqcrolPWh97aoW":{"registrationId":22800736,"currentRatchet":{"ephemeralKeyPair":{"pubKey":"BdTtZtXS2ZbiyNyN4I1uUsnAVv6YEdG9O7iHdODX7wNQ","privKey":"mBcbw+XJSCRwz77PJSb2Z4WttMyFOS23ZAqBxyxzTEg="},"lastRemoteEphemeralKey":"Be5HJ1hEP5WcUFcVLPnpQgzb/PcErCo2hSI4yOeus7E5","previousCounter":0,"rootKey":"mnzil7djMr99KJnsPZMcL4/Pp3SMh7g57tLtwZr/MYA="},"indexInfo":{"baseKey":"BeHn4FLyj4N6gmH1T9ATmGB08M1N3VCqcrolPWh97aoW","baseKeyType":1,"closed":-1,"used":1704732323038,"created":1704732323038,"remoteIdentityKey":"BUHHmrOwFm+WnJJfQMtSuZ+bPNsBf4LOW8EJk9K6UMEd"},"_chains":{"BdTtZtXS2ZbiyNyN4I1uUsnAVv6YEdG9O7iHdODX7wNQ":{"chainKey":{"counter":2,"key":"Hlh1HmbaoPHXom9TrZYCszzwwqYDUYxDukaKQTe25lM="},"chainType":1,"messageKeys":{}}},"pendingPreKey":{"signedKeyId":5,"baseKey":"BeHn4FLyj4N6gmH1T9ATmGB08M1N3VCqcrolPWh97aoW","preKeyId":7087145}}},"version":"v1"}