{"_sessions":{"BSrWs6psuHIkh+yE9Na5/3+KWQW4YMOltf9vs70eiRNj":{"registrationId":1214656221,"currentRatchet":{"ephemeralKeyPair":{"pubKey":"BXZMrIe9sOnAYB4yfcoFie7MLO5AwpN05nKPQbuQa55y","privKey":"KFkV4j5/Kr5+5j6u/E/g/6k637TT5CwEYr8jFXtWB3Q="},"lastRemoteEphemeralKey":"BSjmTshrKOZJkdw2e62qXWgX62+wUewcAeeKGrsN6X5y","previousCounter":0,"rootKey":"IwTTIz/c2SG1KhZrFk9Rzd57Tdcfh2/Np6jPpeGQfRc="},"indexInfo":{"baseKey":"BSrWs6psuHIkh+yE9Na5/3+KWQW4YMOltf9vs70eiRNj","baseKeyType":1,"closed":-1,"used":1704732322866,"created":1704732322866,"remoteIdentityKey":"BUtPVFmhFOvh8hDJvXEQ0Z+v4G9wmV/YTO33hWjNNXQ+"},"_chains":{"BXZMrIe9sOnAYB4yfcoFie7MLO5AwpN05nKPQbuQa55y":{"chainKey":{"counter":2,"key":"SNMjr3Qq8Z3VYyDcxUzruqficFwuu85P5yRnKOHy0U4="},"chainType":1,"messageKeys":{}}},"pendingPreKey":{"signedKeyId":1,"baseKey":"BSrWs6psuHIkh+yE9Na5/3+KWQW4YMOltf9vs70eiRNj"}}},"version":"v1"}