{"_sessions":{"Be4PL1tXqObpFDVRH5gqCyL87lCG1X22lr7pmClqJ3gW":{"registrationId":1433742312,"currentRatchet":{"ephemeralKeyPair":{"pubKey":"BYVIeQn6D3WBnig2CUbniLVV4XUju9xu6Gjqai4ar7cn","privKey":"AAVO0AgvRkujB1zsd4rRlzgnjS2RUqFIDUDFIbDJsEo="},"lastRemoteEphemeralKey":"BR+Vtacwh5mu0swDu3f5dw4BQq5ljjyGvEVnF9E4NIhZ","previousCounter":0,"rootKey":"dCyCUMYPpBEtBe5n6Z+PgQLaGno1IAblWhQfdw+r7kc="},"indexInfo":{"baseKey":"Be4PL1tXqObpFDVRH5gqCyL87lCG1X22lr7pmClqJ3gW","baseKeyType":2,"closed":1705547149882,"used":1705547097780,"created":1705547097780,"remoteIdentityKey":"BfGtovleSqisNzXMdN76+4g66RuyQ4IB8PvoKqRMt4I2"},"_chains":{"BR+Vtacwh5mu0swDu3f5dw4BQq5ljjyGvEVnF9E4NIhZ":{"chainKey":{"counter":6,"key":"zLYgC+t5Ii/963cySuTqRyXvhjAALwgw2VnCnD37aTo="},"chainType":2,"messageKeys":{}},"BYVIeQn6D3WBnig2CUbniLVV4XUju9xu6Gjqai4ar7cn":{"chainKey":{"counter":-1,"key":"hVGOKKccqW8vEiel/5wgGZWP5l0idvlXyJxc1RieImg="},"chainType":1,"messageKeys":{}}}},"Bb5wTeKpiAiIosqKhJuRFV6Sny/H5ijHiKREhaFo/UYC":{"registrationId":1433742312,"currentRatchet":{"ephemeralKeyPair":{"pubKey":"Bcilpw9Q46sEVh2l4QN7aVloNLlcLkZzt9H4iOVUhy98","privKey":"EHvJYjDm3a9dXGT05IlNEfl6Vg3GVgZ/NrTFcVzMt1U="},"lastRemoteEphemeralKey":"BZ8ulVNiuGrZMuBmwFa4SMs1fusDJaAeZsIEY1DUwipr","previousCounter":0,"rootKey":"JiuQrW3dCihpjkq/EHFvhFbFAmK5pXpHgll7ScFgfEg="},"indexInfo":{"baseKey":"Bb5wTeKpiAiIosqKhJuRFV6Sny/H5ijHiKREhaFo/UYC","baseKeyType":2,"closed":-1,"used":1705547149897,"created":1705547149897,"remoteIdentityKey":"BfGtovleSqisNzXMdN76+4g66RuyQ4IB8PvoKqRMt4I2"},"_chains":{"BZ8ulVNiuGrZMuBmwFa4SMs1fusDJaAeZsIEY1DUwipr":{"chainKey":{"counter":0,"key":"b9Vy7pmenF3Ogb/6QERAowv4Rz2eXrQg90KLD0gjxWs="},"chainType":2,"messageKeys":{}},"Bcilpw9Q46sEVh2l4QN7aVloNLlcLkZzt9H4iOVUhy98":{"chainKey":{"counter":-1,"key":"+dDaU/gEIY2xGd2UonZJ6jYp4H0Fl0LI5i+Vv6TBv9Q="},"chainType":1,"messageKeys":{}}}}},"version":"v1"}