{"_sessions":{"BayIOWFTPK0Oot0poFYu+9kSvLWgddmmONvQVVkuAE4d":{"registrationId":1330311679,"currentRatchet":{"ephemeralKeyPair":{"pubKey":"BQnMe3yidXQeUlAM4PFGquLVX/1Gw2O9BBApoMqEMtty","privKey":"6BPVgZvlDPHVD0NMJ3coSBMtVrMW8AjysknOP9k7i3M="},"lastRemoteEphemeralKey":"Bf0bB6Lkt5gWsdS7n1z8iM9itF3v+yUWjByCUfUs4dsp","previousCounter":0,"rootKey":"LwzGinWBZsK3f6tskHdQbQ9v2m8DVXiytmRJ008YaAg="},"indexInfo":{"baseKey":"BayIOWFTPK0Oot0poFYu+9kSvLWgddmmONvQVVkuAE4d","baseKeyType":1,"closed":-1,"used":1705547134280,"created":1704732322654,"remoteIdentityKey":"BYKSIJ5LyFW5qM0n8UkjaHN/rlpA/XqqWjiyVP4Z2B4w"},"_chains":{"Bf0bB6Lkt5gWsdS7n1z8iM9itF3v+yUWjByCUfUs4dsp":{"chainKey":{"counter":2,"key":"bPd3nwOHHMJJnGbOAMeZW/T1zeoC4g+ej6eHCbKHkDg="},"chainType":2,"messageKeys":{}},"BQnMe3yidXQeUlAM4PFGquLVX/1Gw2O9BBApoMqEMtty":{"chainKey":{"counter":1,"key":"RC2zTYbV/3t/shQ0yxtjggRczHRLoA5/Ho6UJ01frY8="},"chainType":1,"messageKeys":{}}}}},"version":"v1"}