{"_sessions":{"BfI4xngBgcKQrzWGTOpzgitZe+e4xCFD9vNS/cEF4ShC":{"registrationId":1462470812,"currentRatchet":{"ephemeralKeyPair":{"pubKey":"BYMWB3XNrfaYVF9PjpjPEZsEuBsB3mxaHkWSzTxkokNs","privKey":"QEMsk6oiVruLFzQ6qDk82ifuvSbssxtLavTI5b4YBG8="},"lastRemoteEphemeralKey":"BXsSnxkBwn1XpPblZ6s32BJWKBzL8W7K0m7fsOqrx5Fm","previousCounter":0,"rootKey":"pOOsvjlAsNc7NlEd+6K8n7aTYGR/nb/1bZcGzPrvthI="},"indexInfo":{"baseKey":"BfI4xngBgcKQrzWGTOpzgitZe+e4xCFD9vNS/cEF4ShC","baseKeyType":1,"closed":-1,"used":1704732322459,"created":1704732322459,"remoteIdentityKey":"BXtUneMIH+OLyIQvl8DFcnDM5gl+4BQ3GvVd1wgpGm1Z"},"_chains":{"BYMWB3XNrfaYVF9PjpjPEZsEuBsB3mxaHkWSzTxkokNs":{"chainKey":{"counter":2,"key":"99Jpwi5h1nmNE3mrL3VliYzIHorsD6YSl7ADl5hBZGA="},"chainType":1,"messageKeys":{}}},"pendingPreKey":{"signedKeyId":3,"baseKey":"BfI4xngBgcKQrzWGTOpzgitZe+e4xCFD9vNS/cEF4ShC"}}},"version":"v1"}