{"_sessions":{"BYR2o/vHUlfwZ/LADuGgbPtbtn//orTCpIhp0+an+7wQ":{"registrationId":362261350,"currentRatchet":{"ephemeralKeyPair":{"pubKey":"Bec94k/PzgeTbQlLy7E26twsKtH3Q6I45v7V1a8aQ59U","privKey":"UEAMfGfEybBY1IGYELitnLq+JwP2rQ7Px2w1s/BMCEE="},"lastRemoteEphemeralKey":"BVOiEdSee02zSNoi3Q6vnNIxGYTC+pvk5s3lBeldqBUM","previousCounter":0,"rootKey":"qY0SWQbi1bNuJilHGak8uDfMZx2HTwEeW0MwRMvlIUI="},"indexInfo":{"baseKey":"BYR2o/vHUlfwZ/LADuGgbPtbtn//orTCpIhp0+an+7wQ","baseKeyType":1,"closed":-1,"used":1704732322922,"created":1704732322922,"remoteIdentityKey":"BX7lvqykR29BJoqJ3kn+Xl/wuvztCUAhpH7cVefP9pov"},"_chains":{"Bec94k/PzgeTbQlLy7E26twsKtH3Q6I45v7V1a8aQ59U":{"chainKey":{"counter":2,"key":"c/SPCmxg6ubM0bUeLesNrTWazS9zN9oAAyZ6rCGEbhw="},"chainType":1,"messageKeys":{}}},"pendingPreKey":{"signedKeyId":41,"baseKey":"BYR2o/vHUlfwZ/LADuGgbPtbtn//orTCpIhp0+an+7wQ","preKeyId":13191756}}},"version":"v1"}