{"_sessions":{"BaAB/ZWrdfulOfaG3aa3VYU9QcKZQZFPzWEIB2jJtFdL":{"registrationId":526649529,"currentRatchet":{"ephemeralKeyPair":{"pubKey":"BRiL+eTRamgyE34THVQyXqKiUwy8JWipzjQv/EWzyeg/","privKey":"QPwdlrAGVZCoQhsxfo0P56PgXM79/hJ4NSGaq5oCJUs="},"lastRemoteEphemeralKey":"BfOgsAH73dbab4rM7eu7xPvL/l32k9eVZZ0kqTvhriQ/","previousCounter":2,"rootKey":"lyJQqrfIOboMqUYVFakX/6YT0JBk9fg5f4/6uktsqyc="},"indexInfo":{"baseKey":"BaAB/ZWrdfulOfaG3aa3VYU9QcKZQZFPzWEIB2jJtFdL","baseKeyType":2,"closed":1705547149922,"used":1705547149774,"created":1704732267479,"remoteIdentityKey":"BRyzVw4M/vLzRu09uJtFyoRFoHqD8mtUdST+9HP3D71Z"},"_chains":{"BQ0DSBN0e1zDTnaywxCPZzd8o3ulTaCPpi2xFZbV+6NW":{"chainKey":{"counter":7},"chainType":2,"messageKeys":{}},"BfOgsAH73dbab4rM7eu7xPvL/l32k9eVZZ0kqTvhriQ/":{"chainKey":{"counter":214,"key":"f9vNzAlcXkS+l8cq4w5xYgkBExHOrZwNKYGh3RLFHmg="},"chainType":2,"messageKeys":{"69":"C82oUNBoXYu4tjMNVK1woket/V76lAeJcwi1Fe+cTbk="}},"BRiL+eTRamgyE34THVQyXqKiUwy8JWipzjQv/EWzyeg/":{"chainKey":{"counter":-1,"key":"G5pLFWOdmI64J9pKTZQVxHXNd/0zLGnKYR0vrSHowDI="},"chainType":1,"messageKeys":{}}}},"BRCC7hJ1Lsx+kNQ88Ztsg3BQdK6Rx6aujWODxp/k+HsL":{"registrationId":526649529,"currentRatchet":{"ephemeralKeyPair":{"pubKey":"BRpYvt7rbwXWohS1TsH9819D9wc0Dnx4sxWLmYLqzqhm","privKey":"uFWhwyybf9vFK+uGvGUe0RzvRVFvkHsCdmLHGzhTEUo="},"lastRemoteEphemeralKey":"BUifBS8RBxIYdx/zqDhhNCbH19uF01GNRFEvxYZZmuZP","previousCounter":0,"rootKey":"Gv6/6gNYqjbQnY8yfxDZejgug9DZqdRcKuV8UeBb8v4="},"indexInfo":{"baseKey":"BRCC7hJ1Lsx+kNQ88Ztsg3BQdK6Rx6aujWODxp/k+HsL","baseKeyType":2,"closed":-1,"used":1705547149937,"created":1705547149937,"remoteIdentityKey":"BRyzVw4M/vLzRu09uJtFyoRFoHqD8mtUdST+9HP3D71Z"},"_chains":{"BUifBS8RBxIYdx/zqDhhNCbH19uF01GNRFEvxYZZmuZP":{"chainKey":{"counter":0,"key":"oLoQ5GTxahqCeltotE9RgyzxfLOkP+MOI6O/tRz+GSE="},"chainType":2,"messageKeys":{}},"BRpYvt7rbwXWohS1TsH9819D9wc0Dnx4sxWLmYLqzqhm":{"chainKey":{"counter":0,"key":"XN4w8Yfzp6P9XkULgFtW3LeO+TTjxBqqQr/HuQZYXQE="},"chainType":1,"messageKeys":{}}}}},"version":"v1"}