{"_sessions":{"Bdnzf2IBbRmc7XI1cohTEHCYGp6Bn23BHRh4ipSBY5QF":{"registrationId":189519536,"currentRatchet":{"ephemeralKeyPair":{"pubKey":"Bd0rYTqdUu4XS8+amFfoRihp6SFHsAw/LU9M2RSI2CZ9","privKey":"mKsLUb7ymXQsiRqo3clvIGgZMDHTPZ0fBuYRMiHQikI="},"lastRemoteEphemeralKey":"BS5i16678zrAcjyNwkzWgPgVwKAsy6R655KV4YaosrEE","previousCounter":0,"rootKey":"Ame8NGTO/QHDFZO04iChni2bcl6QMGOy4AwP65k2p3k="},"indexInfo":{"baseKey":"Bdnzf2IBbRmc7XI1cohTEHCYGp6Bn23BHRh4ipSBY5QF","baseKeyType":1,"closed":-1,"used":1705547132438,"created":1704732322540,"remoteIdentityKey":"BfuJqYn4xiYxxw606vslsCv4Ng42kHQZZqDw+iFGy2o6"},"_chains":{"BS5i16678zrAcjyNwkzWgPgVwKAsy6R655KV4YaosrEE":{"chainKey":{"counter":1,"key":"1JJByQ7EPKJbqflUaZ0gL8vRFapFM0DyQphw06EnrZM="},"chainType":2,"messageKeys":{}},"Bd0rYTqdUu4XS8+amFfoRihp6SFHsAw/LU9M2RSI2CZ9":{"chainKey":{"counter":1,"key":"6KR0gpfHwi/uIEEfV0Ys9Rwjydgnrrei06CbdbSkSF0="},"chainType":1,"messageKeys":{}}}}},"version":"v1"}