{"_sessions":{"BarJmnzo/274qiPEP5OCDhMHMElzkWmTZQ4bmLCUEMIR":{"registrationId":1748468862,"currentRatchet":{"ephemeralKeyPair":{"pubKey":"BTb1+V7iLXOJiioXyaCczWyD4GA1CBLyrfWMNCSj0AQh","privKey":"sCHavlWU9QzL0700v8V0rK162B76r9oKt46KVsV+OU8="},"lastRemoteEphemeralKey":"BYHURtiEXz2e3kAkEAxrGwUriAqb1ehBvb0xBNwHdaw6","previousCounter":0,"rootKey":"468zybFgAeACyB7Da2XJjbr7BjwNGn3tH5lbyl8wexI="},"indexInfo":{"baseKey":"BarJmnzo/274qiPEP5OCDhMHMElzkWmTZQ4bmLCUEMIR","baseKeyType":1,"closed":-1,"used":1704732322500,"created":1704732322500,"remoteIdentityKey":"BUN0S5iGgEohQ8qYf4yn0gxbgb/vCHvupvsa9cAvseF9"},"_chains":{"BTb1+V7iLXOJiioXyaCczWyD4GA1CBLyrfWMNCSj0AQh":{"chainKey":{"counter":0,"key":"P0sBrhb3I+gX8Q58GJOgUQVGR/zg1RhVzMuTDfsM0U8="},"chainType":1,"messageKeys":{}}},"pendingPreKey":{"signedKeyId":0,"baseKey":"BarJmnzo/274qiPEP5OCDhMHMElzkWmTZQ4bmLCUEMIR","preKeyId":3890142}}},"version":"v1"}