{"_sessions":{"BWabxiqQysA2hM66sVQhGxpWFTXiPwtfA53tpQ3we/Y0":{"registrationId":1988835911,"currentRatchet":{"ephemeralKeyPair":{"pubKey":"BSEF26Msq4C2sgIuLLaqbfrKlv3cuKI/keEf25uRTldQ","privKey":"uF5a0x9Y/pgFyJEjhtbrGe2XlevXgpQElklO2VV3qVA="},"lastRemoteEphemeralKey":"BUkStuqt8OnlSuQX1JvrYJoao5HXkA3PcV2/O8/JwNhQ","previousCounter":0,"rootKey":"7eqA9h4qooBikfUO4cqLWVCar1eq5/VS3Hu8HszbtkM="},"indexInfo":{"baseKey":"BWabxiqQysA2hM66sVQhGxpWFTXiPwtfA53tpQ3we/Y0","baseKeyType":1,"closed":-1,"used":1704732322395,"created":1704732322395,"remoteIdentityKey":"BaIW6gVIZRnaZlugnXjbC5gBHJkQcWZSrtD3lFtFXJ5P"},"_chains":{"BSEF26Msq4C2sgIuLLaqbfrKlv3cuKI/keEf25uRTldQ":{"chainKey":{"counter":2,"key":"vkttHyjXpN7BbRyIk70smUWns/ldNuCOvWa6XxXnLlI="},"chainType":1,"messageKeys":{}}},"pendingPreKey":{"signedKeyId":2,"baseKey":"BWabxiqQysA2hM66sVQhGxpWFTXiPwtfA53tpQ3we/Y0"}}},"version":"v1"}