{"_sessions":{"BRWrbiiw6djkSxgwev7k1i6o92lZK6f3braLwG71YEAx":{"registrationId":2043052123,"currentRatchet":{"ephemeralKeyPair":{"pubKey":"BT3k1GoinsGMfYRK1TQJ6+OmJ1EMUt92mJtawnxTnQoU","privKey":"+M59Dgl96N18VY/tAOYiWQ6Ceq8VJ6XKK0goHVc7N30="},"lastRemoteEphemeralKey":"BRx7LxFS6j5Ko2YFof2zXRuVguCz5N3eGW35mG3Nn8Z6","previousCounter":0,"rootKey":"ZexuOksMEZDTVgyKTGXkw9GhthYEYwvqFStFZ21pDKo="},"indexInfo":{"baseKey":"BRWrbiiw6djkSxgwev7k1i6o92lZK6f3braLwG71YEAx","baseKeyType":2,"closed":-1,"used":1705547144093,"created":1705547144093,"remoteIdentityKey":"BfC3pkROsLiQA4phKAnkgCfX9rYrD1hUjPgSHuJ1hBUW"},"_chains":{"BRx7LxFS6j5Ko2YFof2zXRuVguCz5N3eGW35mG3Nn8Z6":{"chainKey":{"counter":1,"key":"JCqDapoIntidb4zYNYI1q9tIOXJQd/MICi0XcZwTtyM="},"chainType":2,"messageKeys":{"0":"R5GyubFPMKMwg2O9rrvO4/1tsszGMeX3nrniTMnjYuA="}},"BT3k1GoinsGMfYRK1TQJ6+OmJ1EMUt92mJtawnxTnQoU":{"chainKey":{"counter":-1,"key":"QFZVP/1XijVYTcyyd0A/QGjvoRoqBko5optSW2X16I0="},"chainType":1,"messageKeys":{}}}}},"version":"v1"}