{"_sessions":{"BSwPP/wLYmmyOYcO6lZC2rrqxZFrsNxGUNgehsKqSFZb":{"registrationId":256685145,"currentRatchet":{"ephemeralKeyPair":{"pubKey":"BV0iOtZHC9bQP7itYah1XjoicqU3CJ+jgypK/KDBvJgA","privKey":"MH1gUywWHkpqVMMm/YWQb5mEOr2DR1jFgrq/A+hhnHo="},"lastRemoteEphemeralKey":"Be8jH/paTrkr4q3RlCyCds1hqG7/LGaA2M1wH6VcH/4P","previousCounter":0,"rootKey":"Pq4v3FEwBXDrjBlP6HZnmJ1+o1x+WW3LMDqIPza69Rs="},"indexInfo":{"baseKey":"BSwPP/wLYmmyOYcO6lZC2rrqxZFrsNxGUNgehsKqSFZb","baseKeyType":1,"closed":-1,"used":1704732322673,"created":1704732322673,"remoteIdentityKey":"BQMkt/9E8gyXuyBeblFk9ZBDptIUouDHzCdUdK46E6Jz"},"_chains":{"BV0iOtZHC9bQP7itYah1XjoicqU3CJ+jgypK/KDBvJgA":{"chainKey":{"counter":2,"key":"azwyuardb5LlDNxGqlAheJZ8vLDoFhQLUP/X+S62S90="},"chainType":1,"messageKeys":{}}},"pendingPreKey":{"signedKeyId":0,"baseKey":"BSwPP/wLYmmyOYcO6lZC2rrqxZFrsNxGUNgehsKqSFZb","preKeyId":4053263}}},"version":"v1"}