{"_sessions":{"Bc6nhx8TtH73szGwvk40fMPuCwS8gV6qjt/GWMxyrn81":{"registrationId":229,"currentRatchet":{"ephemeralKeyPair":{"pubKey":"BepK+if6n1k0hk2EKJIe2ZMO2WA6tTcSiJVidVUPDlMA","privKey":"QGw4uzQ4N8Dqs0wIGHtCH3Ir5lnFfNqjOwrUjB70WkI="},"lastRemoteEphemeralKey":"BRYe9VJNN6tlJdgtqcBO3nq+ocJL+mUvdS/mzXElHgxO","previousCounter":0,"rootKey":"A8nYLTA9SNBG6lyLxpTu47w4D8+cy+CXSN6vKt0NF1c="},"indexInfo":{"baseKey":"Bc6nhx8TtH73szGwvk40fMPuCwS8gV6qjt/GWMxyrn81","baseKeyType":1,"closed":-1,"used":1704732322201,"created":1704732322201,"remoteIdentityKey":"BemGjuQDqhc6NfhAiFIZy7F9lQP9WcwwwVhXLdLp6Ntj"},"_chains":{"BepK+if6n1k0hk2EKJIe2ZMO2WA6tTcSiJVidVUPDlMA":{"chainKey":{"counter":2,"key":"A2whyoC7X1GccCfyXieBLB+8Aj2tsi8xcibnerYTR6A="},"chainType":1,"messageKeys":{}}},"pendingPreKey":{"signedKeyId":1,"baseKey":"Bc6nhx8TtH73szGwvk40fMPuCwS8gV6qjt/GWMxyrn81"}}},"version":"v1"}