{"_sessions":{"BRA1zLRXtnvOhL/suiDF3s8i5BcHDFOcWqv1HpU8KJ4W":{"registrationId":184,"currentRatchet":{"ephemeralKeyPair":{"pubKey":"BQz+TW9BE8zc8Tdmc4pUg+MCyn0jQBZRcyh84Kg2gL4z","privKey":"6D8p11OxZ5EmsTeoGZnbhcqNk9oGX/WqJQZuYXWZg0A="},"lastRemoteEphemeralKey":"BVjzBcx4Z1UX07vFNtq3qZPOtQkmGw6HKdluAznig5cM","previousCounter":2,"rootKey":"Nedn5fuzGeKTWduKek/weDwTZ2tdSzjoNRzTHXf7Fzo="},"indexInfo":{"baseKey":"BRA1zLRXtnvOhL/suiDF3s8i5BcHDFOcWqv1HpU8KJ4W","baseKeyType":1,"closed":-1,"used":1705547123414,"created":1704732322071,"remoteIdentityKey":"BZ97aJB7ZwvFXikaS9HXgHAjzOqnUtEnmzuQT2HKlxkX"},"_chains":{"BVjzBcx4Z1UX07vFNtq3qZPOtQkmGw6HKdluAznig5cM":{"chainKey":{"counter":19,"key":"mfC8pxNPH9hyFcIhUyhokVsoUeh26ukmMen0ZnlXZCQ="},"chainType":2,"messageKeys":{}},"BQz+TW9BE8zc8Tdmc4pUg+MCyn0jQBZRcyh84Kg2gL4z":{"chainKey":{"counter":2,"key":"hWHH8Zyu2j0mhIPZ3iIWbsh1A4H5Utjes3gVuOgR8+8="},"chainType":1,"messageKeys":{}}}}},"version":"v1"}