{"_sessions":{"BULpCtWiQGaybeLu8pk52u4IUF/z0PvUKAyrkrVgY2hM":{"registrationId":1758529438,"currentRatchet":{"ephemeralKeyPair":{"pubKey":"BYIv3xOgwO2yV7Xp3X3eAL8lmQ0HHxq5cwPvUsfVmt0n","privKey":"eOtoD3oDbS4tjlW/xzzPp27+QGuWJ/nvyrLRJPRb7Ws="},"lastRemoteEphemeralKey":"BePQZb87IP/z4E/nutNMXG6pmZ/Sd2WEcbS8Q+TV8gZR","previousCounter":0,"rootKey":"0WT5tyVKa08K2tEbMVRG82MgKVCrsKV5k8C3E1BAag8="},"indexInfo":{"baseKey":"BULpCtWiQGaybeLu8pk52u4IUF/z0PvUKAyrkrVgY2hM","baseKeyType":1,"closed":-1,"used":1704732322259,"created":1704732322259,"remoteIdentityKey":"BbKVvYp7o4V38Jg02lpDC4XMW4CK42MZGx7ztf91ShUO"},"_chains":{"BYIv3xOgwO2yV7Xp3X3eAL8lmQ0HHxq5cwPvUsfVmt0n":{"chainKey":{"counter":2,"key":"XYeMTcmjKLEI93w+o1HsDCU2bgwLkEnZytQ90N2Q0sw="},"chainType":1,"messageKeys":{}}},"pendingPreKey":{"signedKeyId":21,"baseKey":"BULpCtWiQGaybeLu8pk52u4IUF/z0PvUKAyrkrVgY2hM","preKeyId":16655799}}},"version":"v1"}