{"_sessions":{"BXjgGN6lWbgR5X/vbnp+lmNjnpise1fDXYYR6A4PsAt6":{"registrationId":1460936010,"currentRatchet":{"ephemeralKeyPair":{"pubKey":"BWfCzCgWpf0nSuOJQmJHsik2ZIcnKP28HtmaGUEhus0h","privKey":"8Bl8FtOw/0gAMmm+QuTlTB5bLFKjfq3yxD4hsqfxo2k="},"lastRemoteEphemeralKey":"BYZmarcpFIVmzbATpyfjnEpXWWeLB2YrI5C6Z0AsHEcI","previousCounter":0,"rootKey":"cS4lpy8uXiTd6Nd3vaBuqNhIXzKbFp/p2rDL4J4Yv/o="},"indexInfo":{"baseKey":"BXjgGN6lWbgR5X/vbnp+lmNjnpise1fDXYYR6A4PsAt6","baseKeyType":1,"closed":-1,"used":1704732322712,"created":1704732322712,"remoteIdentityKey":"Be4fxz7tt5l5Hi+dlS3VFjkHcTyKVG6xmuPzVGPaIcke"},"_chains":{"BWfCzCgWpf0nSuOJQmJHsik2ZIcnKP28HtmaGUEhus0h":{"chainKey":{"counter":2,"key":"5Gt+MCkVgHK+2X78i8Z+e9wDJ4VTSAsgtzNSXPRBQQk="},"chainType":1,"messageKeys":{}}},"pendingPreKey":{"signedKeyId":1,"baseKey":"BXjgGN6lWbgR5X/vbnp+lmNjnpise1fDXYYR6A4PsAt6","preKeyId":6151067}}},"version":"v1"}